,predictions,labels,generation
0,2,0,"[INST] <<SYS>>

<</SYS>>

  Je vous l’apporterai dès que le coursier sera là. [/INST] 20/"
1,4,0,"[INST] <<SYS>>

<</SYS>>

  Il aurait dû être fâché parce qu’il soutenait l’équipe française mais au lieu de ça, il a dit : « Quel joueur ! [/INST] 4/ Je"
2,0,0,"[INST] <<SYS>>

<</SYS>>

  Vivant, il me déchargeait de l’inique obligation ; mort, il me privait de son inculture, indispensable rempart contre la suspicion des autres. [/INST] 04/"
3,2,0,"[INST] <<SYS>>

<</SYS>>

  Et je lui claque la porte au nez. [/INST] 20/"
4,0,0,"[INST] <<SYS>>

<</SYS>>

  Attention, je ne compte pas faire ça en fanfare, comme si c’était un acte de courage ou de défi. [/INST] 00:"
5,4,0,"[INST] <<SYS>>

<</SYS>>

  Et encore : je crois que la lucidité rend le succès amer alors que la médiocrité espère toujours quelque chose. [/INST] 4/ Je"
6,4,0,"[INST] <<SYS>>

<</SYS>>

  Puisque ma faim ne pouvait être apaisée dans le jeu d’interactions sociales que ma condition rendait inconcevables – et je compris cela plus t ard, cette compassion dans les yeux de ma sauveuse, car vit -on jamais une pauvresse percer l’ivresse du langage et s’y exercer avec d’autres ? [/INST] 400"
7,0,0,"[INST] <<SYS>>

<</SYS>>

  D ’ailleurs, j’ai bien intérêt à ce que personne ne soupçonne rien. [/INST] 0:0"
8,0,0,"[INST] <<SYS>>

<</SYS>>

  Quand le haka a commencé, c’est surtout lui que j’ai regardé. [/INST] 04/"
9,4,0,"[INST] <<SYS>>

<</SYS>>

  Dans Taniguchi, les héros meurent en escaladant l’Everest. [/INST] 4/ Je"
10,0,0,"[INST] <<SYS>>

<</SYS>>

  Mais Antoine Pallières, dont la répugnante et embryonnaire moustache n’emporte avec elle rien de félin, me regarde, incertain de mes paroles étranges. [/INST] 04/"
11,0,0,"[INST] <<SYS>>

<</SYS>>

  Je m’étais depuis longtemps accoutumée à la perspective d’une vie solitaire. [/INST] 01."
12,0,0,"[INST] <<SYS>>

<</SYS>>

  Parmi les personnes que ma famille fréquente, toutes ont suivi la même voie : une jeunesse à essayer de rentabiliser son intelligence, à presser comm e un citron le filon des études et à s’assurer une position d’élite et puis toute une vie à se demander avec ahurissement pourquoi de tels espoirs ont débouché sur une existence aussi vaine. [/INST] 0"
13,0,0,"[INST] <<SYS>>

<</SYS>>

  On pourrait pens er que jouer les intelligences normales quand, comme moi, à douze ans, on a le niveau d’une khâgneuse, c’est facile. [/INST] 0:0"
14,0,0,"[INST] <<SYS>>

<</SYS>>

  Ça, ce n’est pas du bocal à poissons, non, c’est de la poésie ! [/INST] 00:"
15,4,0,"[INST] <<SYS>>

<</SYS>>

  Tandis que, garante de ma clandestinité, la télévision de la loge beuglait sans que je l’entende des insanités pour cerveaux de praires, je me pâmais, les larmes aux yeux, devant les miracles de l’Art. [/INST] 4.
"
16,3,0,"[INST] <<SYS>>

<</SYS>>

  Mais aucun n’arrivait à la perfection du grand joueur maori. [/INST] 30/"
17,1,0,"[INST] <<SYS>>

<</SYS>>

  Le dimanche, il s’en allait pêcher. [/INST] 15/"
18,0,0,"[INST] <<SYS>>

<</SYS>>

  De la grâce, de la beauté, de l’harmonie, de l’intensité. [/INST] 04/"
19,0,0,"[INST] <<SYS>>

<</SYS>>

  Comment peut -on faire ce que l’on ne comprend pas ? [/INST] 00:"
20,0,0,"[INST] <<SYS>>

<</SYS>>

  Mais même si on compare avec les adultes, je suis beaucoup plus maligne que la plupart d’entre eux. [/INST] 04/"
21,0,0,"[INST] <<SYS>>

<</SYS>>

  Les miracles de l’Art Je m’appelle Renée. [/INST] 00:"
22,5,0,"[INST] <<SYS>>

<</SYS>>

  La pertinence de cette constatation, de la part d’une bonne portu gaise pourtant peu versée dans l’étude des philosophes, me frappa. [/INST] 5/ Je"
23,0,0,"[INST] <<SYS>>

<</SYS>>

  Et du coup, le haka, qui est un chant guerrier, prenait toute sa force. [/INST] 04/"
24,4,0,"[INST] <<SYS>>

<</SYS>>

  Antoine Pallières, héritier prospère d’une vieille dynastie industrielle, est le fils d’un de mes huit employeurs. [/INST] 4/ Je"
25,2,0,"[INST] <<SYS>>

<</SYS>>

  Si vous voulez comprendre notre famille, il suffit de regarder les chats. [/INST] 25/"
26,0,0,"[INST] <<SYS>>

<</SYS>>

  À quoi ça sert de mourir si ce n’est à ne pas souffrir ? [/INST] 00:"
27,0,0,"[INST] <<SYS>>

<</SYS>>

  Mais l’Art… si j’avais dû vivre, ç’aurait été toute ma vie. [/INST] 01."
28,2,0,"[INST] <<SYS>>

<</SYS>>

  Soit tu bouges et tu n’es plus entier, soit tu es entier et tu ne peux pas bouger. [/INST] 25/"
29,0,0,"[INST] <<SYS>>

<</SYS>>

  Elle cr oit que je m’abreuve de sous -culture et je ne la détrompe pas. [/INST] 00:"
30,0,0,"[INST] <<SYS>>

<</SYS>>

  De surcroît, très vite, j’avais avoué à mon mari ma très grande faute. [/INST] 0:0"
31,0,0,"[INST] <<SYS>>

<</SYS>>

  Et puis diable, cette lavallière m’évoque quelque chose. [/INST] 04/"
32,0,0,"[INST] <<SYS>>

<</SYS>>

  Pour arrêter de se déstructurer , il faut ne plus bouger du tout. [/INST] 04/"
33,2,0,"[INST] <<SYS>>

<</SYS>>

  Les gens croient poursuivre les étoiles et ils finissent comme de s poissons rouges dans un bocal. [/INST] 24/"
34,0,0,"[INST] <<SYS>>

<</SYS>>

  Si j’e n trouve, alors je reconsidérerai peut -être les options : si je trouve un beau mouvement des corps, à défaut d’une belle idée pour l’esprit, peut -être alors que je penserai que la vie vaut la peine d’être vécue. [/INST] 04:"
35,0,0,"[INST] <<SYS>>

<</SYS>>

  Elle en consomme tellement que, de toute façon, elle ne s’apercevrait même pas si j’en prenais un tous les jours mais j’ai décidé d’être très prudente. [/INST] 00:"
36,2,0,"[INST] <<SYS>>

<</SYS>>

  Je trouve même ça obscène. [/INST] 25/"
37,2,0,"[INST] <<SYS>>

<</SYS>>

  Les abricots sont plus teigneux que les noirs, qui sentent moins bon. [/INST] 25/"
38,0,0,"[INST] <<SYS>>

<</SYS>>

  Vulgarité de sa belle -famille, le dimanche, assommant à coups de rires gras la douleur d’être né faible et sans avenir ; vulgarité d’un voisinage marqué d e la même désolation blême que les néons de l’usine où les hommes se rendent chaque matin comme on redescend en enfer ; vulgarité des employeuses dont tout l’argent ne sait masquer la vilenie et qui s’adressent à elle comme à un chien croûtant de pelades. [/INST] 0"
39,4,0,"[INST] <<SYS>>

<</SYS>>

  Sans appartement et sans fille, ils penseront peut -être à tous les Africains morts, non ? [/INST] 4/ Je"
40,0,0,"[INST] <<SYS>>

<</SYS>>

  J’aurais pu tomber sur un Grelier. [/INST] 01/"
41,0,0,"[INST] <<SYS>>

<</SYS>>

  Il ne reste plus qu’à s’anesthésier comme on peut en tentant de se masquer le fait qu’on n e trouve aucun sens à sa vie et on trompe ses propres enfants pour tenter de mieux se convaincre soi -même. [/INST] 0:0"
42,4,0,"[INST] <<SYS>>

<</SYS>>

  Je lis tout ce qu’écrit Constan ce Baret, la deuxième de la classe, en maths, en français et en histoire et j’apprends comme ça ce que je dois faire : du français une suite de mots cohérents et correctement orthographiés, des maths la reproduction mécanique d’opérations vides de sens et de l’histoire une succession de faits reliés par des connecteurs logiques. [/INST] 4/ Je"
43,0,0,"[INST] <<SYS>>

<</SYS>>

  J’ai la chance inouïe d’être concierge dans une résidence de grand standing. [/INST] 04/"
44,0,0,"[INST] <<SYS>>

<</SYS>>

  Même pour une personne aussi intelligente que moi, aussi douée pour les études, aussi différente des autres et aussi supérieure à la plupart, la vie est déjà toute tracée et c’est triste à pleurer : personne ne semble avoir songé au fait que si l’existence est absurde, y réussir brillamment n’a pas plus de valeur qu’y échouer. [/INST] 04/"
45,0,0,"[INST] <<SYS>>

<</SYS>>

  Bernard Grelier est un des rares êtres du rue de Grenelle face auquel je ne crains pas de me trahir. [/INST] 0:0"
46,2,0,"[INST] <<SYS>>

<</SYS>>

  La belle affaire ! [/INST] 25/"
47,0,0,"[INST] <<SYS>>

<</SYS>>

  C’est une pitié de voir une plume pareille se gâcher à force de cécité. [/INST] 05/"
48,0,0,"[INST] <<SYS>>

<</SYS>>

  Comme je suis rarement aimable, quoique toujours polie, on ne m’aime pas mais on me tolère tout de même parce que je corresponds si bien à ce que la croyance sociale a aggloméré en paradigme de la concierge d’immeuble q ue je suis un des multiples rouages qui font tourner la grande illusion universelle selon laquelle la vie a un sens qui peut être aisément déchiffré. [/INST] 0"
49,4,0,"[INST] <<SYS>>

<</SYS>>

  Nous rions et devisons encore un moment de choses et d’autres, dans la quiétude des vieilles amitiés. [/INST] 4/ Je"
50,2,0,"[INST] <<SYS>>

<</SYS>>

  » demandent -ils d’un air désabusé et satisfait. [/INST] 25/"
51,4,0,"[INST] <<SYS>>

<</SYS>>

  Que, pendant cinq années, une petite fille prénommée Renée, mécanisme perceptif opérationnel doué de vision, d’audition, d’olfaction, de goût et de tact, ait pu vivre dans la parfaite inconscience d’elle -même et de l’univers, est un démenti à cette théorie hâtive. [/INST] 40."
52,0,0,"[INST] <<SYS>>

<</SYS>>

  À dix-sept, je me mariai. [/INST] 01/"
53,0,0,"[INST] <<SYS>>

<</SYS>>

  Déjà, si on regarde les enfants de mon âge, c’est un abysse. [/INST] 04/"
54,0,0,"[INST] <<SYS>>

<</SYS>>

  À la maison, après l’ouvrage, il regardait la télévision, feuilletait des magazines de pêche ou bien jouait aux cartes avec ses amis de l’usine. [/INST] 05/"
55,0,0,"[INST] <<SYS>>

<</SYS>>

  Alor s, dans la pièce voisine, par l’œil -de-bœuf sis face aux escaliers, cachée derrière la mousseline blanche, je m’enquerrais discrètement de l’identité du passant. [/INST] 04/"
56,4,0,"[INST] <<SYS>>

<</SYS>>

  À part l’amour, l’amitié et la beauté de l’Art, je ne vo is pas grand -chose d’autre qui puisse nourrir la vie humaine. [/INST] 40."
57,3,0,"[INST] <<SYS>>

<</SYS>>

  Les illustrés que les j eunes gens cachent sous leur matelas n’échappent pas à la sagacité de Manuela et le petit Pallières semblait un temps en faire une consommation appliquée quoique sélective, comme en témoignait l’usure d’une page au titre explicite : les marquises friponnes . [/INST] 3.
"
58,4,0,"[INST] <<SYS>>

<</SYS>>

  Plus ardue fut la question de la télévision. [/INST] 4/ Je"
59,3,0,"[INST] <<SYS>>

<</SYS>>

  — Pour manger une noix, il faut me ttre une nappe, dit Manuela qui extirpe de son vieux cabas une petite bourriche de bois clair dont dépassent des volutes de papier de soie carmin et, nichées dans cet écrin, des tuiles aux amandes. [/INST] 30/"
60,2,0,"[INST] <<SYS>>

<</SYS>>

  C’est même tout le contraire. [/INST] 29/"
61,2,0,"[INST] <<SYS>>

<</SYS>>

  Je ne sais pas. [/INST] 29/"
62,0,0,"[INST] <<SYS>>

<</SYS>>

  La plupart des gens, quand ils bougent, eh bien ils bougent en fonction de ce qu’il y a autour d’eux. [/INST] 04/"
63,2,0,"[INST] <<SYS>>

<</SYS>>

  C’est comme ça. [/INST] 25/"
64,0,0,"[INST] <<SYS>>

<</SYS>>

  J’ai l’espoir, dans quelques mois, de pou voir lire mes mangas préférés dans le texte. [/INST] 04/"
65,0,0,"[INST] <<SYS>>

<</SYS>>

  Du temps de mon défunt mari, je m’y fis toutefois, parce que la constance qu’il mettait à la regarder m’en épargnait la corvée. [/INST] 04/"
66,0,0,"[INST] <<SYS>>

<</SYS>>

  C’est avec nostalgie que je repense aux petits matins du dimanche, ces matins bénis d’être ceux du repos lorsque, da ns la cuisine silencieuse, il buvait son café tandis que je lisais. [/INST] 04/"
67,4,0,"[INST] <<SYS>>

<</SYS>>

  D’ailleurs, Cassoulet n° a dit : « Et Somu, le redoutable arrière néo-zélandais, nous impressionne toujours autant par sa carrure de colosse ; deux mètres zéro sept, cent dix -huit kilos, onze secondes aux cent mètres, un beau béb é, oui, Madame ! [/INST] 4/ Je"
68,0,0,"[INST] <<SYS>>

<</SYS>>

  J’étais donc bien mariée. [/INST] 04/"
69,2,0,"[INST] <<SYS>>

<</SYS>>

  Eh bien pas du tout ! [/INST] 25/"
70,4,0,"[INST] <<SYS>>

<</SYS>>

  On croit à tort que l’éveil de la conscience coïncide avec l’heure de notre première naissance, peut -être par ce que nous ne savons pas imaginer d’autre état vivant que celui -là. [/INST] 4. L"
71,0,0,"[INST] <<SYS>>

<</SYS>>

  Ensuite, j’irai tranquillement dormir chez mamie avec mes somnifères. [/INST] 04/"
72,0,0,"[INST] <<SYS>>

<</SYS>>

  — Devriez lire l’ Idéologie allemande , je lui dis, à ce crétin en duffle -coat vert sapin. [/INST] 01/"
73,4,0,"[INST] <<SYS>>

<</SYS>>

  Il y a des cyniques dans ce genre qui dînent à la table de papa : « Que sont nos rêves de jeunesse devenus ? [/INST] 4/ Je"
74,4,0,"[INST] <<SYS>>

<</SYS>>

  Entrée trente ans plus tôt à leur service comme simple bonne à tout faire, elle avait pris du grade à mesure qu’ils s’enrichissaient et, désormais gouvernante, régnant sur un dérisoire royaume en les personnes de la femme de ménage (Manuela), du majordome occasionnel (anglais) et de l’homme à tout faire (son mari), elle avait pour le petit peuple le même mépris que ses grands bourgeois de patrons. [/INST] 40."
75,0,0,"[INST] <<SYS>>

<</SYS>>

  Je n’ai pas bien compris d’abord, c’étaient les mêmes images que d’habitude mais ça me faisait un effet nouveau, un genre de pi cotement, une attente, un « je retiens mon souffle ». [/INST] 04/"
76,0,0,"[INST] <<SYS>>

<</SYS>>

  Même pour Vermeer, je ne tiens pas à la vie. [/INST] 01/"
77,0,0,"[INST] <<SYS>>

<</SYS>>

  En retour, tu peux attendre de moi du sérieux dans le travail, du calme au foyer et de la tendresse au bon moment. [/INST] 04/"
78,0,0,"[INST] <<SYS>>

<</SYS>>

  Des pas se font entendre dans le hall d’entrée puis nous entendons distinctement le bruit sibyllin que fait la main de l’homme sur le bou ton d’appel de l’ascenseur, un vieil ascenseur à grille noire et portes battantes, capitonné et boisé où, s’il y en avait eu la place, se serait tenu autrefois un groom. [/INST] 04/"
79,0,0,"[INST] <<SYS>>

<</SYS>>

  Mais au moins, ça m’en aura donné l’idée. [/INST] 00:"
80,1,1,"[INST] <<SYS>>

<</SYS>>

  Il décida alors d’écrire chaque jour dans le livre le plus gros les faits principaux qui lui seraient arrivés. [/INST] 15/"
81,3,1,"[INST] <<SYS>>

<</SYS>>

  Désormais il avait l’obligation de parler sans arrêt, aux arbres, aux pierres, aux nuages, mais bien entendu aussi aux chèvres et à Tenn.) Article : Le vendredi est jeûné. [/INST] 30/"
82,1,1,"[INST] <<SYS>>

<</SYS>>

  Des mouettes noires et blanches tournoyaient dans le ciel redevenu bleu après la tempête. [/INST] 15/"
83,1,1,"[INST] <<SYS>>

<</SYS>>

  Sur la première page du livre, il dressa la carte géographique de l’île et il inscrivit au-dessous le nom qu’il venait de lui donner : Speranza, ce qui veut dire l’ espérance , car il était décidé à ne plus jamais se laisser aller au désespoir. [/INST] 15/"
84,1,1,"[INST] <<SYS>>

<</SYS>>

  Ce qu’on pouvait voir de la coque était intact, et elle devait être plantée sur un récif caché sous l’eau. [/INST] 15/"
85,1,1,"[INST] <<SYS>>

<</SYS>>

  Mais il regretta bientôt ce geste, car les vautours qui s’en régalèrent ne cessèrent plus désormais de le suivre et de l’épier dans l’attente de nouvelles aubaines. [/INST] 15/"
86,1,1,"[INST] <<SYS>>

<</SYS>>

  S’ils venaient à découvrir des traces de sa vie dans l’île, ils pourraient se lancer à sa poursuite, et il leur échapperait difficilement. [/INST] 14/"
87,0,1,"[INST] <<SYS>>

<</SYS>>

  Si l’équipage était resté à l’abri de l’entrepont, au lieu de s’exposer sur le pont balayé par les lames, tout le monde aurait eu peut-être la vie sauve. [/INST] 04/"
88,1,1,"[INST] <<SYS>>

<</SYS>>

  Il ne savait absolument pas depuis combien de temps il se trouvait dans l’île. [/INST] 15/"
89,1,1,"[INST] <<SYS>>

<</SYS>>

  L’Évasion était terminée. [/INST] 15/"
90,3,1,"[INST] <<SYS>>

<</SYS>>

  Quelques semaines plus tôt, La Virginie avait contourné le continent américain en passant bravement le terrible cap Horn. [/INST] 30/"
91,1,1,"[INST] <<SYS>>

<</SYS>>

  Ils s’en régalèrent et ne furent même pas malades. [/INST] 15/"
92,2,1,"[INST] <<SYS>>

<</SYS>>

  Au contraire, ils l’observent avec curiosité. [/INST] 25/"
93,0,1,"[INST] <<SYS>>

<</SYS>>

  Il est vrai que rien ne pouvait mieux alerter des matelots de passage que l’épave de La Virginie toujours plantée sur son récif ; d’autant plus qu’elle pouvait donner l’espoir d’un riche butin à ceux qui s’en empareraient. [/INST] 04/"
94,3,1,"[INST] <<SYS>>

<</SYS>>

  N’allait-elle pas chavirer sous l’effet de la première vague ? [/INST] 30/"
95,1,1,"[INST] <<SYS>>

<</SYS>>

  Les troncs des arbres abattus formaient avec les taillis et les lianes qui pendaient des hautes branches un enchevêtrement difficile à percer, et souvent Robinson devait ramper à quatre pattes pour pouvoir avancer. [/INST] 15."
96,3,1,"[INST] <<SYS>>

<</SYS>>

  (En effet, parce qu’il n’avait personne à qui parler, Robinson craignait de perdre l’usage de la parole. [/INST] 3/ Robinson"
97,1,1,"[INST] <<SYS>>

<</SYS>>

  Alors, il répandit deux sacs de grain dans la prairie après en avoir semé une mince traînée depuis la grotte jusque-là. [/INST] 12/"
98,1,1,"[INST] <<SYS>>

<</SYS>>

  Aussitôt les vapeurs empoisonnées de l’eau croupie où tournoyaient des nuages de moustiques l’enveloppèrent et lui firent perdre la notion du temps. [/INST] 15/"
99,4,1,"[INST] <<SYS>>

<</SYS>>

  Un animal qui se bat sur le territoire de son adversaire est presque toujours vaincu. [/INST] 4/ Je"
100,1,1,"[INST] <<SYS>>

<</SYS>>

  Ensuite, il eut l’idée d’un mât planté dans le sable, au sommet duquel était posée une perche. [/INST] 12/"
101,4,1,"[INST] <<SYS>>

<</SYS>>

  — Quand on entreprend un voyage comme celui que vous faites, lui dit-il après avoir tiré une bouffée de sa pipe, on part quand on le veut, mais on arrive quand Dieu le veut. [/INST] 4/ Je"
102,1,1,"[INST] <<SYS>>

<</SYS>>

  Là, il éprouva comme un choc en s’apercevant qu’il n’y arrivait pas. [/INST] 15/"
103,3,1,"[INST] <<SYS>>

<</SYS>>

  Il avait toujours peur de retomber dans la souille, et peut-être de devenir comme une bête. [/INST] 30/"
104,3,1,"[INST] <<SYS>>

<</SYS>>

  L’équipage de La Virginie se rassembla sur le pont pour voir les petites flammes qui s’allumaient à l’extrémité des mâts et des vergues du navire. [/INST] 30/"
105,0,1,"[INST] <<SYS>>

<</SYS>>

  Depuis trop longtemps il n’avait personne à qui sourire, et il ne savait plus ; quand il voulait sourire, ses muscles ne lui obéissaient pas. [/INST] 04/"
106,4,1,"[INST] <<SYS>>

<</SYS>>

  Cet outil – impossible à fabriquer avec des moyens de fortune – lui aurait épargné des mois de travail à la hache et au couteau. [/INST] 4/ Pour"
107,1,1,"[INST] <<SYS>>

<</SYS>>

  Une autre fois alors qu’il cueillait des coquillages sur des rochers à moitié recouverts d’eau, Robinson reçut un jet d’eau en pleine figure. [/INST] 15/"
108,3,1,"[INST] <<SYS>>

<</SYS>>

  C’était simplement une bonbonne de verre transparent dont il avait percé le fond d’un tout petit trou par où l’eau fuyait goutte à goutte dans un bac de cuivre posé sur le sol. [/INST] 30/"
109,1,1,"[INST] <<SYS>>

<</SYS>>

  Enfin il trouva dans la cabine du second une Bible en bon état qu’il emporta enveloppée dans un lambeau de voile pour la protéger. [/INST] 15/"
110,2,1,"[INST] <<SYS>>

<</SYS>>

  C’était parce qu’il était seul. [/INST] 24/"
111,3,1,"[INST] <<SYS>>

<</SYS>>

  C’était sa propre sœur, Lucy, morte plusieurs années avant son départ. [/INST] 30/"
112,3,1,"[INST] <<SYS>>

<</SYS>>

  Après quelques tâtonnements, il confectionna une sorte de clepsydre , c’est-à-dire une horloge à eau, comme on en avait autrefois. [/INST] 30/"
113,1,1,"[INST] <<SYS>>

<</SYS>>

  Robinson était accablé de tristesse et de fatigue. [/INST] 15/"
114,1,1,"[INST] <<SYS>>

<</SYS>>

  Il oublia l’île avec ses vautours, ses vampires et ses pieuvres. [/INST] 15/"
115,0,1,"[INST] <<SYS>>

<</SYS>>

  Parfois le bruit s’interrompait, comme si le scieur changeait de bûche, puis il reprenait avec une régularité monotone. [/INST] 04/"
116,4,1,"[INST] <<SYS>>

<</SYS>>

  Dans ces travaux c’était le manque d’une scie dont Robinson souffrait le plus. [/INST] 40"
117,1,1,"[INST] <<SYS>>

<</SYS>>

  Ce fut d’abord une série d’entonnoirs disposés en quinconce au fond desquels était planté un pieu aiguisé au feu et que recouvraient des touffes d’herbe posées sur une mince claie de joncs. [/INST] 14/"
118,3,1,"[INST] <<SYS>>

<</SYS>>

  Un jour qu’il broutait une touffe de cresson dans une mare, il crut entendre de la musique. [/INST] 30/"
119,3,1,"[INST] <<SYS>>

<</SYS>>

  Au bout de trois jours d’efforts inutiles, la fatigue et la colère lui brouillaient les yeux. [/INST] 30/"
120,1,1,"[INST] <<SYS>>

<</SYS>>

  La bataille éclata. [/INST] 15."
121,4,1,"[INST] <<SYS>>

<</SYS>>

  Les animaux sauvages qui n’ont jamais vu l’homme ne fuient pas à son approche. [/INST] 4/ Je"
122,3,1,"[INST] <<SYS>>

<</SYS>>

  À côté du feu toujours allumé sur la grève, il entassa des fagots de branchages et une quantité de varech grâce auxquels il provoquerait des torrents de fumée si une voile pointait à l’horizon. [/INST] 30/"
123,1,1,"[INST] <<SYS>>

<</SYS>>

  Robinson se leva et se dirigea vers la porte. [/INST] 15."
124,1,1,"[INST] <<SYS>>

<</SYS>>

  Il se nourrissait au hasard de coquillages, de racines de fougères, de noix de coco, de baies, d’œufs d’oiseaux et de tortues. [/INST] 15/"
125,1,1,"[INST] <<SYS>>

<</SYS>>

  Sur toute la prairie, une tempête paraissait soulever des petits jets de sable. [/INST] 15/"
126,1,1,"[INST] <<SYS>>

<</SYS>>

  Découragé par l’échec de L’Évasion , Robinson avait eu l’occasion de suivre un jour un troupeau de pécaris qu’il avait vus s’enfouir ainsi dans leur souille. [/INST] 15/"
127,1,1,"[INST] <<SYS>>

<</SYS>>

  Robinson se jeta à l’eau et nagea de toutes ses forces vers le navire dont il ne voyait plus que le château arrière drapé de brocart. [/INST] 15/"
128,0,1,"[INST] <<SYS>>

<</SYS>>

  On s’en remet au destin. [/INST] 01/"
129,1,1,"[INST] <<SYS>>

<</SYS>>

  Une fête paraissait se dérouler à bord. [/INST] 15/"
130,2,1,"[INST] <<SYS>>

<</SYS>>

  Quand il arriva à proximité du bouc, l’animal baissa la tête et grogna sourdement. [/INST] 21/"
131,2,1,"[INST] <<SYS>>

<</SYS>>

  L’Indien désigné par la sorcière se jeta à plat ventre sur le sol, secoué de grands frissons de terreur. [/INST] 24/"
132,1,1,"[INST] <<SYS>>

<</SYS>>

  Le couvre-feu est obligatoire une heure après le coucher du soleil… Durant les mois qui suivirent, Robinson éleva autour de sa maison et de l’entrée de la grotte une enceinte à créneaux dont l’accès était lui-même défendu par un fossé de deux mètres de large et de trois mètres de profondeur. [/INST] 15/"
133,1,1,"[INST] <<SYS>>

<</SYS>>

  La flamme pétillante le réconforta davantage que la viande coriace et qui sentait le bouc. [/INST] 15/"
134,1,1,"[INST] <<SYS>>

<</SYS>>

  Puis ce fut le sable au pied d’une dune que Robinson vit jaillir à quelque distance. [/INST] 15/"
135,3,1,"[INST] <<SYS>>

<</SYS>>

  Il n’était pas blessé, mais son épaule contusionnée continuait à lui faire mal. [/INST] 30/"
136,1,1,"[INST] <<SYS>>

<</SYS>>

  C’est ainsi qu’un matin il surprit un vampire accroupi sur un chevreau qu’il était en train de vider de son sang. [/INST] 15/"
137,1,1,"[INST] <<SYS>>

<</SYS>>

  À mesure qu’il approchait, Robinson distinguait une foule brillante sur le pont. [/INST] 15 -"
138,1,1,"[INST] <<SYS>>

<</SYS>>

  Il se dirigeait vers eux pour les aider, quand un choc formidable ébranla le navire. [/INST] 15 -"
139,1,1,"[INST] <<SYS>>

<</SYS>>

  Les gaz qui se dégageaient de l’eau croupie lui troublaient l’esprit. [/INST] 15/"
140,1,1,"[INST] <<SYS>>

<</SYS>>

  Puis il fit longtemps bouillir dans un chaudron ces lanières d’écorce, et il les vit peu à peu se décomposer en un liquide épais et visqueux. [/INST] 15/"
141,1,1,"[INST] <<SYS>>

<</SYS>>

  Plus loin encore il n’y avait que le ciel absolument bleu et sans nuages. [/INST] 15/"
142,1,1,"[INST] <<SYS>>

<</SYS>>

  Il revêtit la surface extérieure des murs d’un mortier d’argile. [/INST] 14."
143,1,1,"[INST] <<SYS>>

<</SYS>>

  L’un des bouts de cette perche touchait au sol. [/INST] 15/"
144,3,1,"[INST] <<SYS>>

<</SYS>>

  Il rapporta également de l’épave deux caisses de biscuits, une longue-vue, deux mousquets à silex, un pistolet à double canon, deux haches, une bêche, une pioche, un marteau, un ballot d’étoupe et une vaste pièce d’étamine rouge, étoffe de peu de prix destinée à d’éventuels échanges avec des indigènes. [/INST] 30/"
145,1,1,"[INST] <<SYS>>

<</SYS>>

  Une vague déferla sur la grève mouillée et vint lui lécher les pieds. [/INST] 15/"
146,1,1,"[INST] <<SYS>>

<</SYS>>

  Il fallut faire de nombreuses réparations dans la maison, les chemins et les corrals endommagés par le ruissellement des eaux. [/INST] 14/"
147,1,1,"[INST] <<SYS>>

<</SYS>>

  Il décida de repartir à zéro. [/INST] 15/"
148,1,1,"[INST] <<SYS>>

<</SYS>>

  À force de réfléchir, il finit par comprendre ce qui lui arrivait. [/INST] 15/"
149,1,1,"[INST] <<SYS>>

<</SYS>>

  Ces armes, ces outils, ces provisions que contenait la cale du navire, Robinson pensait bien qu’il faudrait qu’il se décide à les sauver avant qu’une nouvelle tempête ne les emporte. [/INST] 10 pages"
150,1,1,"[INST] <<SYS>>

<</SYS>>

  Son long bras maigre se tendit vers l’un des hommes, tandis que sa bouche grande ouverte proférait des malédictions que Robinson n’entendait pas. [/INST] 15/"
151,3,1,"[INST] <<SYS>>

<</SYS>>

  Rien ne bougeait, et il parvint tout juste à défoncer l’une des planches de la coque en pesant sur elle avec un pieu qui basculait en levier sur une bûche. [/INST] 30/"
152,1,1,"[INST] <<SYS>>

<</SYS>>

  Le seul danger qui était à craindre, c’était des récifs ou des bancs de sable, mais la carte n’indiquait rien de ce genre, et il semblait que La Virginie pouvait fuir sous la tempête pendant des centaines de kilomètres sans rien rencontrer. [/INST] 15/"
153,1,1,"[INST] <<SYS>>

<</SYS>>

  Lâchant sa canne trop légère, Robinson ramassa une grosse souche qui pourrait lui servir de massue. [/INST] 15/"
154,0,1,"[INST] <<SYS>>

<</SYS>>

  En somme il n’avait pas tellement changé, si ce n’est peut-être que sa barbe avait allongé et que de nombreuses rides nouvelles sillonnaient son visage. [/INST] 04/"
155,1,1,"[INST] <<SYS>>

<</SYS>>

  En réalité, il obéissait à un nouveau penchant, l’ avarice , qui allait lui faire beaucoup de mal. [/INST] 15/"
156,1,1,"[INST] <<SYS>>

<</SYS>>

  Il finit par découvrir dans un trou de rocher une petite pieuvre grise qui avait l’étonnante faculté d’envoyer par sa bouche des projections d’eau avec une extraordinaire précision. [/INST] 12/"
157,1,1,"[INST] <<SYS>>

<</SYS>>

  L’autre gris, plus allongé et de poil plus épais, assez semblable aux mulots des champs, se rencontrait dans les prairies de l’île. [/INST] 12/"
158,1,1,"[INST] <<SYS>>

<</SYS>>

  Personne ne paraissait voir le naufragé, ni même le rivage que le navire longeait maintenant après avoir viré de bord. [/INST] 15/"
159,3,1,"[INST] <<SYS>>

<</SYS>>

  Malheureusement la provision de tabac du barillet ne durerait qu’un temps, et il s’efforçait de la prolonger autant que possible.) [/INST] 30/"
160,0,2,"[INST] <<SYS>>

<</SYS>>

  C’est ainsi que j’ai aban donné, à l’âge de six ans, une magnifique carrière de peintre. [/INST] 0"
161,0,2,"[INST] <<SYS>>

<</SYS>>

  – Oui, fis -je modestement. [/INST] 04/"
162,2,2,"[INST] <<SYS>>

<</SYS>>

  Mais quel genre de jeu? [/INST] 25."
163,0,2,"[INST] <<SYS>>

<</SYS>>

  J’avais été découragé par l’insuccès de mon dessin numéro et de mon dessin numéro . [/INST] 04:"
164,2,2,"[INST] <<SYS>>

<</SYS>>

  On se dit-il vers le nord. [/INST] 25/"
165,0,2,"[INST] <<SYS>>

<</SYS>>

  Je sens qu'il est en train de se passer quelque chose en lui, ses lèwes tr.emblentrvoilà; il se pré- cþite dans mes bras, le ballon roule par terre, il me serre fort de ses deux mains, il plewe je crois. [/INST] 04/"
166,0,2,"[INST] <<SYS>>

<</SYS>>

  Quand on veut un mouton, c’est la preuve qu’on existe » elles hausseront les épaules et vous traiteront d’enfant ! [/INST] 04/"
167,3,2,"[INST] <<SYS>>

<</SYS>>

  Après Saint-Mandé, on prend le périphérique et on continue à roulervers le nord. [/INST] 30/"
168,0,2,"[INST] <<SYS>>

<</SYS>>

  – Parce que chez moi c’est tout petit… – Ça suffira sûrement. [/INST] 04:"
169,2,2,"[INST] <<SYS>>

<</SYS>>

  Elle a fair plutôt amusé. [/INST] 24/"
170,2,2,"[INST] <<SYS>>

<</SYS>>

  Aussi d'avoir dessiné une blonde cheminant, sous la pluie. [/INST] 24/"
171,0,2,"[INST] <<SYS>>

<</SYS>>

  Ça venait tout doucement, au hasard des réflexions. [/INST] 00:"
172,2,2,"[INST] <<SYS>>

<</SYS>>

  On a peut-être pris une mauvaisè direction? [/INST] 29/"
173,2,2,"[INST] <<SYS>>

<</SYS>>

  J'écouteri la radio. [/INST] 29."
174,2,2,"[INST] <<SYS>>

<</SYS>>

  - Écoute, je t'en prie, arrête cette comédie, dit-elle.Je me retourne. [/INST] 20/"
175,0,2,"[INST] <<SYS>>

<</SYS>>

  Je me mets à genoux devant lui pour le regarder bien en face: Je ne comprends pas pourquoi tu m’ appelles papa. [/INST] 04/"
176,2,2,"[INST] <<SYS>>

<</SYS>>

  Alors il s’écria : – Comment ! [/INST] 24/"
177,2,2,"[INST] <<SYS>>

<</SYS>>

  Il y a des millions d’années que les moutons mangent quand même les fleurs. [/INST] 29/"
178,0,2,"[INST] <<SYS>>

<</SYS>>

  J’avais à peine de l’eau à boire pour huit jours. [/INST] 04/"
179,3,2,"[INST] <<SYS>>

<</SYS>>

  La nuit était tombée. [/INST] 30."
180,2,2,"[INST] <<SYS>>

<</SYS>>

  dit-il en se levant d'un bond. [/INST] 24/"
181,0,2,"[INST] <<SYS>>

<</SYS>>

  J'ai presque fini la lecture de farticle lorsque la même voix dit: J'ai faim. [/INST] 04/"
182,0,2,"[INST] <<SYS>>

<</SYS>>

  J e ne savais comment l’atteindre, où le rejoindre… C’est tellement mystérieux, le pays des larmes. [/INST] 04:"
183,0,2,"[INST] <<SYS>>

<</SYS>>

  Ce sont des mots prononcés par hasard qui, peu à peu, m’ont tout révélé. [/INST] 04/"
184,0,2,"[INST] <<SYS>>

<</SYS>>

  Comme tout immigre,j'ar dû travailler dur pour faire pardonner ma présence en France. [/INST] 0:0"
185,1,2,"[INST] <<SYS>>

<</SYS>>

  Mais l’arbuste cessa vite de croître, et commença de préparer une fleur. [/INST] 15/"
186,2,2,"[INST] <<SYS>>

<</SYS>>

  C'est toujours moi qui tiens le ballon,J'ai le cæur qui bat. [/INST] 20."
187,0,2,"[INST] <<SYS>>

<</SYS>>

  Je me mettais à sa portée. [/INST] 04/"
188,2,2,"[INST] <<SYS>>

<</SYS>>

  Le mouton que tu veux est dedans. [/INST] 24/"
189,3,2,"[INST] <<SYS>>

<</SYS>>

  Je rlaurais pas été surpris de trouver une voiture de police dans la rue, des fl.icsa, peut-être même un monsieur en pyjama. [/INST] 30/"
190,2,2,"[INST] <<SYS>>

<</SYS>>

  Ça pouvait être un nouveau genre de baobab. [/INST] 24/"
191,0,2,"[INST] <<SYS>>

<</SYS>>

  Je riaurai pas le courage de réviser mon cours ce soi¡. [/INST] 0"
192,2,2,"[INST] <<SYS>>

<</SYS>>

  Et je lança i : – Ça c’est la caisse. [/INST] 24/"
193,2,2,"[INST] <<SYS>>

<</SYS>>

  Mais non, on finira bien par trouver une route, un taxi. [/INST] 20/"
194,2,2,"[INST] <<SYS>>

<</SYS>>

  Le premier soir je me suis donc endormi sur le sable à mille milles de toute terre habitée. [/INST] 29/"
195,3,2,"[INST] <<SYS>>

<</SYS>>

  Le petit court þsqu à la porte, sç dresse sur la pointe des pieds pour atteindre la sonnette. [/INST] 30/"
196,0,2,"[INST] <<SYS>>

<</SYS>>

  J'appuie sur le bouton du cinquième. [/INST] 05:"
197,0,2,"[INST] <<SYS>>

<</SYS>>

  Tout le monde n’a pas eu un ami. [/INST] 04/"
198,2,2,"[INST] <<SYS>>

<</SYS>>

  Le petit garçon entre dans la pièce. [/INST] 24/"
199,2,2,"[INST] <<SYS>>

<</SYS>>

  On se dévisage. [/INST] 25/"
200,0,2,"[INST] <<SYS>>

<</SYS>>

  Il rougit, puis reprit : – Si quelqu’un aime une fleur qui n’existe qu’à un exe m- plaire dans les millions et les millions d’étoiles, ça suffit pou r qu’il soit heureux quand il les regarde. [/INST] 04/"
201,0,2,"[INST] <<SYS>>

<</SYS>>

  I me semble que j'entends moins distinctement que tout à Theure lrs bruits de la ville. [/INST] 04/"
202,2,2,"[INST] <<SYS>>

<</SYS>>

  - Une voiture ! [/INST] 24/"
203,2,2,"[INST] <<SYS>>

<</SYS>>

  Mais où sont ses parents I La àuit va bientôt tomber. [/INST] 29/"
204,2,2,"[INST] <<SYS>>

<</SYS>>

  Le petit reste debout, guettant un autrè véhicule. [/INST] 20/"
205,0,2,"[INST] <<SYS>>

<</SYS>>

  Il se dit : « Ma fleur est là quelque part… » Mais si le mouton mange la fleur, c’est pour lui comme si, brusquement, toutes les étoiles s’éteignaient ! [/INST] 04/"
206,2,2,"[INST] <<SYS>>

<</SYS>>

  Il y a un canapé,, ou plutôt un lit couveft d'un tissu orange. [/INST] 20/"
207,4,2,"[INST] <<SYS>>

<</SYS>>

  )pour le moment,je n'en ai pas f intentionrje n'ai pas,envie d'avoir des enfants, d'être obligé de travailler pour les faire viwe. [/INST] 40 ans"
208,0,2,"[INST] <<SYS>>

<</SYS>>

  Je remonte la fermeturo à glissière de mon blouson. [/INST] 04/"
209,0,2,"[INST] <<SYS>>

<</SYS>>

  Elle pourrait m'en proposer aussi, puisqu'elle prétend que je suis son mari. [/INST] 00:"
210,2,2,"[INST] <<SYS>>

<</SYS>>

  Qr'est-ce que je vais faire de ce gosse ? [/INST] 24/"
211,0,2,"[INST] <<SYS>>

<</SYS>>

  Combien a -t-il de frères ? [/INST] 0"
212,0,2,"[INST] <<SYS>>

<</SYS>>

  J’éprouve tant de chagrin à raconter ces souvenirs. [/INST] 01/"
213,2,2,"[INST] <<SYS>>

<</SYS>>

  Je mangerai une omelette, puis je me cou- cherai. [/INST] 20:"
214,1,2,"[INST] <<SYS>>

<</SYS>>

  Le petit prince était maintenant tout pâle de colère. [/INST] 15 -"
215,0,2,"[INST] <<SYS>>

<</SYS>>

  I marche derrière moi, pas assez vite car je I'entends couri de temps en temps. [/INST] 00:"
216,2,2,"[INST] <<SYS>>

<</SYS>>

  Mais toujours elle me répondai t : « C’est un chapeau. [/INST] 24/"
217,2,2,"[INST] <<SYS>>

<</SYS>>

  Qr'est-ce qu'il a mangé, le petit ? [/INST] 25/"
218,0,2,"[INST] <<SYS>>

<</SYS>>

  'Alors, dis-moi avec qui tu es venu!- - Aveç toi, PaPa! [/INST] 04/"
219,2,2,"[INST] <<SYS>>

<</SYS>>

  Vous êtes sûre que nous nous sommes déjà rencontrés ? [/INST] 24/"
220,0,2,"[INST] <<SYS>>

<</SYS>>

  Je reste à, j'aperçois un coin de satron, une vieille malle, un tapis blanq.J'attends un peu, puis, passant la tête dans l'encadrement de la porte, j'appelle: - S'il vous plaîtr madamè ! [/INST] 04/"
221,0,2,"[INST] <<SYS>>

<</SYS>>

  Il me répondit après un silence méditatif : – Ce qui est bien, avec la caisse que tu m’as donnée, c’est que, la nuit, ça lui servira de maison. [/INST] 04/"
222,2,2,"[INST] <<SYS>>

<</SYS>>

  Je ne veux pas d’un éléphant dans un boa. [/INST] 24/"
223,0,2,"[INST] <<SYS>>

<</SYS>>

  Je fais sþe au chaufleur, il ne s'arrête pas, il a déjà un client. [/INST] 04/"
224,2,2,"[INST] <<SYS>>

<</SYS>>

  Vous vous arrêtez à, où il y a le sens inter- ' dit, dis-je au chauffeur. [/INST] 20/"
225,2,2,"[INST] <<SYS>>

<</SYS>>

  Peut-être est-il foul Peut-on être fou à son âge? [/INST] 25/"
226,2,2,"[INST] <<SYS>>

<</SYS>>

  J’hésite aussi sur la couleur de son costume. [/INST] 24/"
227,2,2,"[INST] <<SYS>>

<</SYS>>

  Il pencha la tête vers le dessin : – Pas si petit que ça… Tiens ! [/INST] 20/"
228,3,2,"[INST] <<SYS>>

<</SYS>>

  Mais celle- là avait germé un jour, d’une graine apportée d’on ne sait où, et le pe tit prince avait surveillé de très près cette brin- dille qui ne ressemblait pas aux autres brindilles. [/INST] 30/"
229,0,2,"[INST] <<SYS>>

<</SYS>>

  Je serai bien dans mon lit ne trouve personne chez le gamin ?Je m’adresserai au concierge,j'iruchez les flics. [/INST] 04:"
230,4,2,"[INST] <<SYS>>

<</SYS>>

  » Elles vous demandent : « Quel âge a- t-il ? [/INST] 40 ans"
231,0,2,"[INST] <<SYS>>

<</SYS>>

  - Vous connaissez mon nomì Elle est tout près de moi maintenant. [/INST] 04/"
232,0,2,"[INST] <<SYS>>

<</SYS>>

  L’immobilité et la contemplation du plafond sont propices à mon travail, elles me permettent de songer tranquillement à mes personnages, de ni approcher d'eux, de leur toucher les cheverix.Je prétends en somme que je travaille même quand je ne fais rien - si intensément qu'en sortant du Iit je me sens parfois complètement. [/INST] 04/"
233,2,2,"[INST] <<SYS>>

<</SYS>>

  Je ne vois toujours personàe. [/INST] 29/"
234,0,2,"[INST] <<SYS>>

<</SYS>>

  Il y avait, sur une étoile, une planète, la mienne, la Terre, un petit prince à consoler ! [/INST] 04:"
235,3,2,"[INST] <<SYS>>

<</SYS>>

  Or mon petit bonhomme ne me semblait ni égaré, ni mort de fatigue, ni mort de faim, ni mort de soif, ni mort de peur. [/INST] 30/"
236,3,2,"[INST] <<SYS>>

<</SYS>>

  Et la grande per- sonne était bien contente de connaître un homme aussi raiso n- nable. [/INST] 30/"
237,0,2,"[INST] <<SYS>>

<</SYS>>

  Et il me fallut un grand effort d’intelligence pour comprendre à moi seul ce problème. [/INST] 04/"
238,2,2,"[INST] <<SYS>>

<</SYS>>

  Tu'aimerais qu' on te laisse tranquille. [/INST] 24."
239,3,2,"[INST] <<SYS>>

<</SYS>>

  Puis, sortant mon mouton de sa poche, il se plongea dans la conte m- plation de son trésor. [/INST] 30/"
240,3,3,"[INST] <<SYS>>

<</SYS>>

  Mais la plus cotéee, celle oir les gens qui se croyaient grands bourgeois envoyaient leurs enfants, était lécole des sæurs Rama, Valérie et Adélaïde. [/INST] 30/"
241,0,3,"[INST] <<SYS>>

<</SYS>>

  Sa description correspondait à la mienne. [/INST] 04/"
242,3,3,"[INST] <<SYS>>

<</SYS>>

  Comme chaque fois que j'étais dans I'embarras, je me tournai vers mon frère Alexandre qui s'était lui-même rebap- tisé Sandrino "" pour faire plus américain "". [/INST] 30/"
243,3,3,"[INST] <<SYS>>

<</SYS>>

  Elle était située dans une petite rue paisible, derrière la cathédrale Saint-Pierre-et-Saint- Paul, au rez-de-chaussée d'une maison haute et basse qui donnait sur une cour plantée de manguiers qui en toute saison ombrageaient les jeux des élèves. [/INST] 30/"
244,0,3,"[INST] <<SYS>>

<</SYS>>

  Ma mère, elle, désirait une file. [/INST] 04/"
245,0,3,"[INST] <<SYS>>

<</SYS>>

  Mes parents étaient-ils des aliénés ? [/INST] 04/"
246,3,3,"[INST] <<SYS>>

<</SYS>>

  Derrière lui, la femme fermait sa porte et toute lumière avait déjà disparu au rez-de-chaussée, ce qu,il ne put sèmpêcher de juger discourtoisae. [/INST] 30/"
247,0,3,"[INST] <<SYS>>

<</SYS>>

  La famille comptait déjà trois fllles et quatre garçons. [/INST] 04/"
248,0,3,"[INST] <<SYS>>

<</SYS>>

  Puis, il réapparut alors que, l'esprit oublieux, je sautais à cloche-pied en me marmonnant une histoire. [/INST] 04/"
249,3,3,"[INST] <<SYS>>

<</SYS>>

  Vers dix heures, Gitane chargée du ménage avait fini de promener son plumeau sur les meubles, de battre les tapis et de boire sa énièmes tasse de kiololo. [/INST] 30/"
250,0,3,"[INST] <<SYS>>

<</SYS>>

  Ma mère venait de fêter ses quarante-trois ans. [/INST] 04/"
251,3,3,"[INST] <<SYS>>

<</SYS>>

  Bien qu'il ne sourît pas, le visage du gendarme était emoreint d'une expression de courtoisie extrême et suavesa qui, encore une fois, déconcertait Herman. [/INST] 31/"
252,4,3,"[INST] <<SYS>>

<</SYS>>

  Tous méde- cins, avocats, ingénieurs, architectes. [/INST] 4/ Je"
253,0,3,"[INST] <<SYS>>

<</SYS>>

  En conséquence, je me réveillai une tout autre petite fille. [/INST] 04/"
254,0,3,"[INST] <<SYS>>

<</SYS>>

  C'est avec un sentiment de libération que vers deux heures de l'après-midi, après un baiser posé en vitesse sur le front moite, il quittait la chambre à coucher qui sentait la fleur d'oranger et l'asa fætidaa et qu'il retrouvait le grand soleil. [/INST] 04/"
255,0,3,"[INST] <<SYS>>

<</SYS>>

  Nos parents nous autorisaient à sortir autant que nous le voulions et même à fréquenter les autres enfants. [/INST] 05/"
256,3,3,"[INST] <<SYS>>

<</SYS>>

  Ma mère allait se résoudre à m'emmener consulter le doc- teur Mélas, car la constance de mon défire I'inquiétait, quand Adélaide Rama finit par remarquer un gamin qui tournait fréquemment autour de l'école aux heures de sortie. [/INST] 30/"
257,3,3,"[INST] <<SYS>>

<</SYS>>

  A le voir ainsi tellement peu disposé à s'inquiéter de son cas, Herman en vint à douter que ce pût être très différent le lendemain matin. [/INST] 30/"
258,4,3,"[INST] <<SYS>>

<</SYS>>

  Dans notre milieu, toutes les mères ffavaillaient, et c'était leur grande fierté. [/INST] 4/ Je"
259,3,3,"[INST] <<SYS>>

<</SYS>>

  Et le jeune homme ajouta complaisamment qu'Herman était le premier Parisien qu'il voyait sous la pluie d'automne, et dans ce froid mordant qui ne manquait jamais de tomber ici dès le premier septembre, pour ne s'en aller qu'aux environs du quinze juin. [/INST] 30/"
260,0,3,"[INST] <<SYS>>

<</SYS>>

  Vingt fois par jour, elle s'exclamait : - Mon Dieu ! [/INST] 01/"
261,4,3,"[INST] <<SYS>>

<</SYS>>

  Aujourd'hui, je me représente le spectacle peu courant que nous offrions, assis aux terrasses du Quartier latin dans le Paris morose de I'après-guerre. [/INST] 40."
262,2,3,"[INST] <<SYS>>

<</SYS>>

  Du reste vous rentrerez sans doute dès que vous aurez retrouvé votre famille, n’est-ce pas ? [/INST] 20/"
263,3,3,"[INST] <<SYS>>

<</SYS>>

  Ce manège dura, me semble-t-il, des semaines. [/INST] 30/"
264,0,3,"[INST] <<SYS>>

<</SYS>>

  Comme mon père était un ancien fonctionnairel et ma mère en exercice, ils bénéficiaient régulièrement d'un congé * en métropole, ysç leurs enfants. [/INST] 0"
265,3,3,"[INST] <<SYS>>

<</SYS>>

  Celui-ci soupira, puis se tourna vers le poêle pour se chauffer un peu le ventre. [/INST] 30/"
266,2,3,"[INST] <<SYS>>

<</SYS>>

  Sura an blan: Sura en blanc. [/INST] 25."
267,0,3,"[INST] <<SYS>>

<</SYS>>

  Ma mère jouissait d'une telle réputation que les sæurs Rama refusèrent dans un premier temps de me compter parmi les fillettes à qui elles apprenaient à chanter FrèreJacgues ou Savez-vous planter des cltoux. . [/INST] 0"
268,0,3,"[INST] <<SYS>>

<</SYS>>

  Ni plus sale ni plus en désordre qu'un autre. [/INST] 04/"
269,4,3,"[INST] <<SYS>>

<</SYS>>

  Être pris en flagrant délit d'ceuwe de chair (expr. [/INST] 4] Il"
270,3,3,"[INST] <<SYS>>

<</SYS>>

  Ayant dit, le gendarme s'inclina, son regard fixé sur les chaussures d'Herman. [/INST] 30 mars"
271,2,3,"[INST] <<SYS>>

<</SYS>>

  Pas de quoi ! [/INST] 25/"
272,2,3,"[INST] <<SYS>>

<</SYS>>

  Le pire est qu'i avait tout d'un enfant ordinaire. [/INST] 24/"
273,0,3,"[INST] <<SYS>>

<</SYS>>

  Bref, la gloire de leurs parents. [/INST] 04/"
274,3,3,"[INST] <<SYS>>

<</SYS>>

  Elles étaient pour la plupart institutrices et ressentaient le plus vif mépris pour les tâches manuelles qui avaient tellement défait leurs mères. [/INST] 3/ Pour"
275,2,3,"[INST] <<SYS>>

<</SYS>>

  C'est bon pour les jeunesses. [/INST] 24/"
276,3,3,"[INST] <<SYS>>

<</SYS>>

  Quand, vannées, elle arrivait à l'école, elle se laissait. [/INST] 30/"
277,2,3,"[INST] <<SYS>>

<</SYS>>

  Fonça dans la rue principale en direction de la gendarmerie. [/INST] 24/"
278,3,3,"[INST] <<SYS>>

<</SYS>>

  Elle revenait à elle-même: j'avais bougé dans son ventre. [/INST] 31/"
279,3,3,"[INST] <<SYS>>

<</SYS>>

  Un matin, elle se réveilla avec deux poteaux striés d'un lacis de veines gonflées qu'elle pouvait à peine bouger. [/INST] 30/"
280,2,3,"[INST] <<SYS>>

<</SYS>>

  Mais avez-vous des étrangers, l'automne ? [/INST] 24/"
281,0,3,"[INST] <<SYS>>

<</SYS>>

  On y admirait une famille noire américaine de huit enfants comme la nôtre. [/INST] 04/"
282,0,3,"[INST] <<SYS>>

<</SYS>>

  Ma mère, qui ne brillait pas par la patience, ne lésinait pas sur les talochesi. [/INST] 04/"
283,4,3,"[INST] <<SYS>>

<</SYS>>

  Certains d'entre eux n'ont jamais quitté Paris alors que nous connaissons le Mont-Saint-Michel, la Côte d'Azur et la Côte basque. [/INST] 4/ Je"
284,4,3,"[INST] <<SYS>>

<</SYS>>

  Entre ses jambes, moi, maigrichonne, enlaidie par cette mine boudeuse et excédée que je devais cultiver jusqu'à la fin de I'ado- lescence, jusqu'à ce que le sort qui frappe toujours trop durement les enfants ingratsao fasse de moi une orphe- line dès vingt ans. [/INST] 4. Il"
285,0,3,"[INST] <<SYS>>

<</SYS>>

  En apercevez-vous à une autre saison que le plein été ? [/INST] 04/"
286,3,3,"[INST] <<SYS>>

<</SYS>>

  L'odeur de ces fruits qui mûrissaient trop vite s'infil- . [/INST] 30."
287,1,3,"[INST] <<SYS>>

<</SYS>>

  Bientôt, pourtant, elles s'espacèrent et la laissèrent tranquille. [/INST] 15/"
288,3,3,"[INST] <<SYS>>

<</SYS>>

  Elle ajoutait en guise d'explication: Nous sommes plus instruits. [/INST] 30/"
289,0,3,"[INST] <<SYS>>

<</SYS>>

  L'un bourgeois, avec demoiselles déguisées et défiés de chars sur la place de la Victoire et l'autre, populaire, le seul qui importait. [/INST] 05/"
290,2,3,"[INST] <<SYS>>

<</SYS>>

  Papa et maman ont dit de venir. [/INST] 24/"
291,2,3,"[INST] <<SYS>>

<</SYS>>

  Enfin, où voulez-vous qu'elle soit allée par un temps pareil ? [/INST] 24/"
292,3,3,"[INST] <<SYS>>

<</SYS>>

  Mais aller quêter, alarmé, des nouvelles de Rose chez I'un ou chez l'autre, Herman sentait bien qu'il ne pouvait se le permettre, qu'il y aurait à comme une indécente incongruité, voire une grave transgression des règles de conduite en vigueur, dont cependant il ignorait la mettre, s'il commençait à en percevoir l'esprit. . [/INST] 30."
293,0,3,"[INST] <<SYS>>

<</SYS>>

  IJne personne aliénée est une personne qui cherche à être ce qu'elle ne peut pas être parce qu'elle n'aime pas être ce qu'elle est. [/INST] 00:"
294,3,3,"[INST] <<SYS>>

<</SYS>>

  Le jeune homme hocha la tête, le coin de ses lèvres s'étira mécaniquement en un sourire bienséante et formel. [/INST] 30/"
295,4,3,"[INST] <<SYS>>

<</SYS>>

  Pourquoi enviaient-ils si fort des gens qui de leur propre aveu ne leur arrivaient pas à la chevillele ? [/INST] 40/"
296,0,3,"[INST] <<SYS>>

<</SYS>>

  Ma mère qui, j'ignore pourquoi, n'aimait pas les sæurs Rama déplorait vivement que cette belle lignée s'apprête à s'éteindre. [/INST] 04/"
297,3,3,"[INST] <<SYS>>

<</SYS>>

  En fait, Ly avait deux carnavals. [/INST] 30/"
298,4,3,"[INST] <<SYS>>

<</SYS>>

  Ils possédaient tout naturellement cette identité française qui, malgré leur bonne mine, était niée, refusée à mes parents. [/INST] 40 ans"
299,0,3,"[INST] <<SYS>>

<</SYS>>

  Comme mon père, elles jugeaient qu'elle s'écoutait trop. [/INST] 04/"
300,3,3,"[INST] <<SYS>>

<</SYS>>

  Ma mère gardait le lit, montagne de chair sous les draps de toile brodée, dans la pénombre de sa chambre, car toutes les persiennes restaient fermées. [/INST] 30/"
301,3,3,"[INST] <<SYS>>

<</SYS>>

  Son fils, outré du malheur de sa mère et de I'injustice que notre famille lui avait faite, avatt pris la résolution de la venger. [/INST] 30/"
302,0,3,"[INST] <<SYS>>

<</SYS>>

  Après cela, je crois que ma sæur Thérèse fut chargée de nous mener chez les sceurs Rama. [/INST] 05/"
303,0,3,"[INST] <<SYS>>

<</SYS>>

  Qr'est-ce qui est passé dans le corps de cette enfant-là, non? [/INST] 04/"
304,1,3,"[INST] <<SYS>>

<</SYS>>

  C'est qu'une nouvelle jeunesse activait son sang, illuminait sa peau et ses yeux. [/INST] 15/"
305,0,3,"[INST] <<SYS>>

<</SYS>>

  Et moi, je ne compre- nais pas en vertu de quoi ces gens orgueilleux, contents d'eux-mêmes, notables dans leur pays, rivalisaient avec les garçons qui les servaient. [/INST] 0"
306,2,3,"[INST] <<SYS>>

<</SYS>>

  Le bâtiment était obscur. [/INST] 24/"
307,3,3,"[INST] <<SYS>>

<</SYS>>

  m'envoya valser à terre d'une bourrade dans le côté. [/INST] 30/"
308,0,3,"[INST] <<SYS>>

<</SYS>>

  Officiellement, moi, j'ai quitté mon service il y a une heure, j'ai éteint la lumière et d'habitude personne ne s'avises d'entrer dans un bâtiment obscur. [/INST] 05:"
309,0,3,"[INST] <<SYS>>

<</SYS>>

  D'enfant modèle, je devins répliqueuse et raisonneuse. [/INST] 04/"
310,3,3,"[INST] <<SYS>>

<</SYS>>

  sembla au professeur qu'elle renonçait à I'entendre mais tenait à manifester une inaltérable bonne volonté, en vertu peut-être de ce vieux devoir de courtoisie envers les visiteurs, indifférent à toute offense, quant respectait traditionnellement dans cette campagne, quoi quant éprouvât au fond de soi. [/INST] 30/"
311,3,3,"[INST] <<SYS>>

<</SYS>>

  Vers son septième mois, les jambes de ma mère commencèrent à enfler. [/INST] 30/"
312,4,3,"[INST] <<SYS>>

<</SYS>>

  A en prime, la Sainte-Chapelle et Versailles. [/INST] 4. -"
313,1,3,"[INST] <<SYS>>

<</SYS>>

  Pour I'heure, la nuit commençait de transformer le ciel en passoire étoilée. [/INST] 15/"
314,4,3,"[INST] <<SYS>>

<</SYS>>

  - Y a-t-il le moindre danger pour moi à demeurer plus longtemps ici ? [/INST] 4/ Je"
315,3,3,"[INST] <<SYS>>

<</SYS>>

  Au lieu d'un chemin direct, elle faisait des tours et des . [/INST] 30 -"
316,0,3,"[INST] <<SYS>>

<</SYS>>

  Je ne veux pas qu'on touche mon enfant! [/INST] 04:"
317,0,3,"[INST] <<SYS>>

<</SYS>>

  Du village ria jamais disparu, pour autant que je mène souvienne. [/INST] 01/"
318,1,3,"[INST] <<SYS>>

<</SYS>>

  Les gens de bien, chanceux, se massaient sur les balcons et leur lançaient des pièces à la volée. [/INST] 15-"
319,4,3,"[INST] <<SYS>>

<</SYS>>

  L'autre classe, celle des scélérats et des envieux qui ne cherchent qu'à leur nuire. [/INST] 4/ Je"
320,4,4,"[INST] <<SYS>>

<</SYS>>

  Vous aurez ensui te secondes pour répondre aux questions. [/INST] 4. Qu"
321,2,4,"[INST] <<SYS>>

<</SYS>>

  Il s'en contrefiche. [/INST] 29/"
322,4,4,"[INST] <<SYS>>

<</SYS>>

  Raconter tout serait impossible, car il faudrait alors un volume au moins par journée, pour énumérer les multitudes d'incidents insignifiants qui emplissent notre existence. [/INST] 4. Les"
323,0,4,"[INST] <<SYS>>

<</SYS>>

  - Ah, ben tiens, j’ai rencontré un genre de sorcier, tu vois, qui peut te faire devenir milliardaire. [/INST] 04/"
324,4,4,"[INST] <<SYS>>

<</SYS>>

  Vous expliquez qu elles sont selon vous la valeur et les limites des positions adopt ées par les écologistes, notamment quand elles entrent en conflit avec d’autres intérêts. [/INST] 4. Les"
325,4,4,"[INST] <<SYS>>

<</SYS>>

  En , pour éviter l'extinction, le parc national de Yellowstone (Wyoming) prend en charge vingt et un bisons : ils deviennent la première espèce animale protégée. [/INST] 4/ Le"
326,4,4,"[INST] <<SYS>>

<</SYS>>

  Acheter « équitable » est un acte de solidarité avec des fam illes de l’autre bout du monde qui vivent dans le plus grand dénuement. [/INST] 4/ Pour"
327,4,4,"[INST] <<SYS>>

<</SYS>>

  Exposé À partir des documents proposés, vous préparerez un exposé sur le thème i ndiqué, et vous le présenterez au jury. [/INST] 4/ Le"
328,0,4,"[INST] <<SYS>>

<</SYS>>

  Ils gardent deux résidences et cohabitent de temps en temps chez l'un ou chez l'autre.» Comme leurs enfants, en somme, auxquels ces jeunes se niors ressemblent furieusement. [/INST] 04/"
329,4,4,"[INST] <<SYS>>

<</SYS>>

  Les plantations de forêt c’est l'un des points essentiels du protocole de Kyoto. [/INST] 4/ Pour"
330,5,4,"[INST] <<SYS>>

<</SYS>>

  Il faut admettre avec un égal intérêt ces théories d'art si différentes et juger les oeuvres qu'elles produisent uniquement au point de vue de leur valeur artistique en acceptant a priori les idées générales d'où elles sont nées. [/INST] 5. La"
331,4,4,"[INST] <<SYS>>

<</SYS>>

  Un débat public et démocratique est donc nécessaire ! [/INST] 4. Les"
332,4,4,"[INST] <<SYS>>

<</SYS>>

  qu’est-ce qui doit guider un écrivain dans le choix de faire une oeuvre soit poétique, soit réaliste ? [/INST] 4: Je"
333,4,4,"[INST] <<SYS>>

<</SYS>>

  Cette attaque est menée par des gens qui en savent peu sur la vie du Grand Nord, qui sont eux mêmes très loin du monde des animaux et qui ont le luxe de différentes options quant à la façon dont ils souhaitent eux-mêmes vivre. [/INST] 4/ Je"
334,4,4,"[INST] <<SYS>>

<</SYS>>

  En revanche, les Etats pourront re fuser l'utilisation de ces arbres OGM en fonction de leur législation. [/INST] 4.2"
335,4,4,"[INST] <<SYS>>

<</SYS>>

  J'en conclus que les Réalistes de talent devraient s'appeler plutôt des Illusionnistes. [/INST] 4/ Je"
336,4,4,"[INST] <<SYS>>

<</SYS>>

  Paul Boury, ans, conseiller en communication doté d'un carnet d'adresses en or, est de ces quinquas heureux. [/INST] 4/0"
337,4,4,"[INST] <<SYS>>

<</SYS>>

  Malgré la supériorité scolaire des filles, les enseignants eux-mêmes reproduisent les clichés sexistes, en favorisant inconsciemment les garçons. [/INST] 4% des"
338,4,4,"[INST] <<SYS>>

<</SYS>>

  De la même manière, on assiste aujourd'hui à la naissance d' un nouvel âge, analyse le sociologue Jean Viard, ans. [/INST] 4/ Pour"
339,4,4,"[INST] <<SYS>>

<</SYS>>

  Les garçons redoublent davantage, sont plus souvent orientés par défaut vers les filières professionnelles, loupent plus fréquemment leur bac: leur taux de réussite à l'examen est, en moyenne, inférieur de points à celui des filles. [/INST] 4/ Les"
340,4,4,"[INST] <<SYS>>

<</SYS>>

  Et chaque hiver constitue une nouvelle menace. [/INST] 4/ Je"
341,4,4,"[INST] <<SYS>>

<</SYS>>

  Il est évident que des écoles si différentes ont dû em ployer des procédés de composition absolument opposés. [/INST] 4. Les"
342,4,4,"[INST] <<SYS>>

<</SYS>>

  Comme pour la parité, les avis sont très partagés. [/INST] 4:0"
343,4,4,"[INST] <<SYS>>

<</SYS>>

  La cinquantaine marque une rupture dans la vie des femmes car elle est synonyme de transformations physiques et fonctionnelles, souli gnent-elles. [/INST] 4/ Pour"
344,4,4,"[INST] <<SYS>>

<</SYS>>

  Vous aurez ensuite entre secondes et minute pour répondre aux questions. [/INST] 4/ Je"
345,4,4,"[INST] <<SYS>>

<</SYS>>

  La mixité n'est pas un principe inta ngible du droit scolaire, c'est un outil, qui doit servir aux deux combats de fond de notre société: l'égalité des chances et la transmission des valeurs de citoyenneté, fondées sur le respect et la tolérance. [/INST] 4/ Pour"
346,4,4,"[INST] <<SYS>>

<</SYS>>

  «Il n'est désormais pas toujours possible d'aller sur la glace au moment des migrations des animaux et donc de pouvoir constituer nos stocks», constate John Keogak, qui s'est déjà retrouvé pris au piège sur une plaque de glace détachée de la banquise. [/INST] 4. Les"
347,4,4,"[INST] <<SYS>>

<</SYS>>

  Et ils n'ont pas l'intention d'y renoncer, malgré le temps qui passe, les rides qui creusent le front et les kilos qui lestent la silhouette. [/INST] 40 ans"
348,0,4,"[INST] <<SYS>>

<</SYS>>

  Bref, nous jouissons de la vie comme jamais!» Cette deuxième vie amoureuse n'est plus l'apanag e des hommes. [/INST] 0:0"
349,0,4,"[INST] <<SYS>>

<</SYS>>

  Pour manger, «vous allez au supermarché, nous, nous allons sur la banquise. [/INST] 04/"
350,4,4,"[INST] <<SYS>>

<</SYS>>

  Mais les faits prouvent le contrair e. Arrêtons de nous enivrer avec de grands mots! [/INST] 4/ Je"
351,2,4,"[INST] <<SYS>>

<</SYS>>

  - Oui ça représente km de rivages. [/INST] 25."
352,0,4,"[INST] <<SYS>>

<</SYS>>

  «Nous sortons au resto, au ciné, au théâtre, nous partons en week-end. [/INST] 04/"
353,4,4,"[INST] <<SYS>>

<</SYS>>

  Certaines de ces organisations, comme Greenpeace, reconnaissent que les autochtones ont un droit de prendre des animaux et de préserver leur culture. [/INST] 4/ Pour"
354,4,4,"[INST] <<SYS>>

<</SYS>>

  A - ans débute la deuxième vie adulte, à laquelle il faudra donner un nom, un statut, un contenu. [/INST] 4/0"
355,4,4,"[INST] <<SYS>>

<</SYS>>

  «Il faut aussi attendre plus longtemps avant que les fourrures des animaux soient d'une épaisseur convenable.» Lui qui, enfant, suivait sa mère trappeur, peut encore aujourd'hui e mmener son fils de ans chasser, mais dit craindre la réduction des quotas de chasse pour les ours polaires. [/INST] 4/ Il"
356,4,4,"[INST] <<SYS>>

<</SYS>>

  Cette communauté arctique d'une centaine d'âmes, isolée sur une île de la mer de Beaufort, a répertorié les changements observés depuis le début des années : hivers moins rigoureux, hausse du niveau de la mer, formation de la glace plus tard dans la saison et dégel avancé, fonte du permafrost, arrivée de nouvelles espèces animales (rouges-gorges, saumons...). [/INST] 4. Les"
357,4,4,"[INST] <<SYS>>

<</SYS>>

  Elle travaille actuellement à une grille d’évaluation pour auditer la trentaine de structures qui frappent à sa porte. [/INST] 4/ Pour"
358,4,4,"[INST] <<SYS>>

<</SYS>>

  Les populations passent alors d'un régime alimentaire traditionnel reposant sur les céréales, racines ou tubercules, comportant une faible proportion de lipides, peu de produits d'origine animale et une forte teneur en fibres, à une alimentation beaucoup plus riche en sucre, en lipides, en sel et, au total, en calories. [/INST] 4. Les"
359,4,4,"[INST] <<SYS>>

<</SYS>>

  Doté de millions de dollars, il servira à financer l'adaptation des pays du Sud et le développement d'énergies propres. [/INST] 4% des"
360,4,4,"[INST] <<SYS>>

<</SYS>>

  En clair, les adolescentes souffrent d'un complexe d'infériorité par rapport à leurs comparses masculins, comme l'a montré cette sociologue de l'éducation dans un ouvrage de référence, L'Ecole des filles (L'Harmattan). [/INST] 4/ Pour"
361,4,4,"[INST] <<SYS>>

<</SYS>>

  Il doit tout d’abord s’assurer que l’œuvre repose sur une théorie valable. [/INST] 4/ Pour"
362,4,4,"[INST] <<SYS>>

<</SYS>>

  Depuis plusieurs années, la présidente de la Seventh Generation Fund, une association de défense des droits autochtones, se bat pour la sauvegarde des bisons du parc de Yellowstone, la seule horde sauvage existant encore aux Etats-Unis. [/INST] 4/ Pour"
363,4,4,"[INST] <<SYS>>

<</SYS>>

  Au lieu de machiner une aventure et de la dérouler de façon à la rendre intéressante, jusqu'au dénouement, il prendra son ou ses personnages à une certaine période de leur existence et les conduira, par des transitions naturelles, jusqu'à la période suivante. [/INST] 4/ Le"
364,4,4,"[INST] <<SYS>>

<</SYS>>

  «Entre et , les bisons ont été éliminés par les Blancs pour nous enlever ce qui faisait notre vie : le cœur de notre culture, de notre spiritualité, mais aussi notre principale ressource et source d'alimentation.» En , il n'en reste que quelques centaines aux Etats-Unis. [/INST] 4/ Pour"
365,4,4,"[INST] <<SYS>>

<</SYS>>

  Beaucoup s'interdisent, sans en avoir conscience, les filières dites «masculines» - les sciences, surtout - convaincues qu'elles ne seront pas à la hauteur. [/INST] 4/ Pour"
366,4,4,"[INST] <<SYS>>

<</SYS>>

  Dans les zones urbaines des pays pauvres, les plats gras et sucrés, peu chers et imm édiatement disponibles, concurrencent la nourriture traditionnelle, plus coûteuse et plus longue à préparer. [/INST] 4. Les"
367,4,4,"[INST] <<SYS>>

<</SYS>>

  Malheureusement, il ne s'agit que de moyenne. [/INST] 40/"
368,4,4,"[INST] <<SYS>>

<</SYS>>

  C'est cette vision personnelle du monde qu'il cherche à nous communiquer en la reprodui sant dans un livre. [/INST] 4/ Pour"
369,4,4,"[INST] <<SYS>>

<</SYS>>

  ""Nous sommes donc bien trop loin de l'objectif fixé en par le Sommet mondial de l'alimentation, qui souhaitait réduire de moitié d'ici le nombre des victimes de la faim"" , doit expliquer le directeur général de la FAO lors de la Journée mondiale de l'alimentation, jeudi octobre, à Rome. [/INST] 4. ["
370,4,4,"[INST] <<SYS>>

<</SYS>>

  Chacun de nous se fait donc simplement une illusi on du monde, illusion poétique, sentimentale, joyeuse, mélancolique, sale ou lugubre suivant sa nature. [/INST] 4. La"
371,4,4,"[INST] <<SYS>>

<</SYS>>

  » En effet, début juillet Exercice : synthèse de documents , Jean Castex est nommé chef du gouvernement français. [/INST] 4. Le"
372,4,4,"[INST] <<SYS>>

<</SYS>>

  Le reste de l’année, la rencontre avec les conso mmateurs, que l’on tente de convertir en consom’acteurs, se fait dans des salons, sur les marchés ou dans les centres commerciaux. [/INST] 4/ Pour"
373,4,4,"[INST] <<SYS>>

<</SYS>>

  La chasse leur permet de trouver leur nourriture et de pouvoir acheter les articles nécessaires à la vie quotidienne, comme le kérosène, les médicaments, les fusils, et les billets d'avion. [/INST] 4/ Pour"
374,4,4,"[INST] <<SYS>>

<</SYS>>

  Les quelques chiffres publiés à ce jour donnent une idée de la dégradation du climat entre les élèves des deux sexes: sur appels reçus par la ligne Jeunes écoute violence d'Ile-de-Fran ce en , environ avaient trait à des agressions survenues en milieu scolaire, essentiellement au collège. [/INST] 4/ Le"
375,4,4,"[INST] <<SYS>>

<</SYS>>

  La vie encore laisse tout au même plan, précipite les faits ou les traîne indéfiniment. [/INST] 4/ Je"
376,4,4,"[INST] <<SYS>>

<</SYS>>

  Faudra instaurer tôt ou tard un service minimum, par ce que ya pas de raisons qu’on soit pris en otage. [/INST] 4:0"
377,4,4,"[INST] <<SYS>>

<</SYS>>

  Malgré la montée des problèmes liés à l'obésité, la priorité absolue de la FAO reste la lutte contre la faim, car millions de personnes continuent de souffr ir chroniquement de sous-alimentation. [/INST] 4/ Pour"
378,4,4,"[INST] <<SYS>>

<</SYS>>

  Pour produire l'effet qu'il poursuit, c'est-à-dire l'émotion de la simple réalité et pour dégager l'enseignement artistique qu'il en veut tirer, c'est-à-dire la révélation de ce qu'est véritablement l'homme contemporain devant ses yeux, il devra n'employer que des faits d'une vérité irrécusable et constante. [/INST] 4. La"
379,4,4,"[INST] <<SYS>>

<</SYS>>

  Pour l'un des participants, Francis Delpeuch, directeur de l'unité de recherche nutrition, alimentation et société de l'IRD, à Montpellier (Hérault), l'obésité est un mal nouveau qui frappe désormais les pays en développement, et non plus seulement les pays riches et i ndustrialisés (Europe et Etats-Unis). [/INST] 4/ Pour"
380,4,4,"[INST] <<SYS>>

<</SYS>>

  La e conférence des Nations unies sur le climat s'est ac levée hier, dans une ambiance mi-figue, mi-raisin. [/INST] 4"
381,4,4,"[INST] <<SYS>>

<</SYS>>

  «A ans, on est vieux pour l'entreprise, tran che la chasseuse de têtes Catherine Euvrard, sexa survitaminée. [/INST] 4/ Je"
382,4,4,"[INST] <<SYS>>

<</SYS>>

  Eric, ans, n'est pas près d'oublier le e anniversaire de la promo* de son école de commerce. [/INST] 4/0"
383,4,4,"[INST] <<SYS>>

<</SYS>>

  En , Rosalie a expliqué à l'ONU, auprès du groupe de travail sur les peuples autochtones, en quoi la survie des bisons sauvages est essentielle et symbolique pour les Indiens des plaines (…) Le bison a toujours été un animal sacré pour les Indiens des plaines, crucial dans leur culture. [/INST] 4. Les"
384,4,4,"[INST] <<SYS>>

<</SYS>>

  Elle confirme que l'organisation qui repr ésente Inuits du Canada, d'Alaska, du Groenland et de Russie envisage de déposer un recours juridique devant la Commission interaméricaine des droits de l'homme. [/INST] 4/ Pour"
385,5,4,"[INST] <<SYS>>

<</SYS>>

  Mais en se plaçant au point de vue même de ces artistes réalistes, on doit discuter et contester leur théorie qui semble pouvoir être résumée par ces mots : « Rien que la vérité et toute la vérité.» Leur intention étant de dégager la philosophie de certain s faits constants et courants, ils devront souvent corriger les événements au profit de la vraisemblance et au détriment de la vérité, car le vrai peut quelquefois n'être pas vraisemblable. [/INST] 5. La"
386,4,4,"[INST] <<SYS>>

<</SYS>>

  » L’ association Minga compte diffuser ce manifeste au niveau européen et a déjà organisé des réunions avec des coopératives italiennes, des structures espagnoles, allemandes, belges et suisses. [/INST] 4/ Pour"
387,4,4,"[INST] <<SYS>>

<</SYS>>

  Ils s ont même plus ouverts d'esprit qu'eux sur un certain nombre de sujets. [/INST] 4/ Je"
388,4,4,"[INST] <<SYS>>

<</SYS>>

  On veut nous persuader que la mixité scolaire est dans la nature des choses, puisque la société elle- même est mixte, et qu'elle est démocratique en soi. [/INST] 4. La"
389,4,4,"[INST] <<SYS>>

<</SYS>>

  Les adeptes de ces campagnes soulignent que les animaux devraient être tués seulement à des fins alimentaires, une politique qui, si elle était appliquée laisserait les autochtones sans la moindre monnaie d'échange pour se procurer des médicaments. [/INST] 4. Les"
390,4,4,"[INST] <<SYS>>

<</SYS>>

  Tenez co mpte du style du texte pour effectuer votre choix. [/INST] 4. Les"
391,4,4,"[INST] <<SYS>>

<</SYS>>

  Dissensions sur le fonds spécial A Marrakech en , pays avaient décidé de créer un fonds spécial changements climatiques. [/INST] 4/ Le"
392,4,4,"[INST] <<SYS>>

<</SYS>>

  Ne se prononce pas. Selon lui, point il est aujourd’hui nécessaire de modifier la Constitution. [/INST] 4/ Pour"
393,5,4,"[INST] <<SYS>>

<</SYS>>

  Et nos esprits qui reçoivent les in structions de ces organes, diversement impressionnés, comprennent, analysent et jugent comme si chacun de nous appartenait à une autre race. [/INST] 5. Les"
394,4,4,"[INST] <<SYS>>

<</SYS>>

  Et les experts de sonner l' alarme: «Il faut sauver les garçons.» Un enseignement séparé les sortirait-il de l'ornière? [/INST] 4/ Le"
395,4,4,"[INST] <<SYS>>

<</SYS>>

  Avant, ce n'était pas possible, car il fallait maintenir l'illusion de la tribu.» Certains redécouvrent avec joie l'existence à deux après le départ des enfants. [/INST] 4/ Pour"
396,4,4,"[INST] <<SYS>>

<</SYS>>

  En effet, le fa ntastique allongement de l'espérance de vie (, ans pour les hommes, , pour les femmes) déroule trois belles décennies devant eux. [/INST] 4. Les"
397,4,4,"[INST] <<SYS>>

<</SYS>>

  En France, c'est l'enseignement catholique qui, le premier, a osé briser le tabou, en rediscutant des vices et vertus de la mixité depuis ses assises de décembre . [/INST] 4. Les"
398,4,4,"[INST] <<SYS>>

<</SYS>>

  Ce qui manque, c'est la volonté politique de s 'attaquer aux causes profondes de la faim sous toutes ses formes. [/INST] 4.0"
399,4,4,"[INST] <<SYS>>

<</SYS>>

  Retirez-leur leur carte de visite, et ils perdent tout! Certaines entreprises refusent systématiquement les quintaux, s'insurge Danièle Lepeu, qui dirige l'agence seniors de la société de travail temporaire Adecco, à Boulogne-Billancourt. [/INST] 4/ Pour"
400,4,5,"[INST] <<SYS>>

<</SYS>>

  L'intelligence pourraitelle devenir complétement positive en chimie, tout en demeurant à demi métaphysique en astronomie ou en physique? [/INST] 4. La"
401,5,5,"[INST] <<SYS>>

<</SYS>>

  Mais, la chimie doit offrir, à cet égard, de s conditions moins favorables, les distinctions n'y étant, par sa nature, guère plus prononcées qu'elles ne le sont dans l'étendue d'une même branche bien caractérisée de la physique, en thermologie, par exemple, et surtout en électrologie. [/INST] 5. -"
402,5,5,"[INST] <<SYS>>

<</SYS>>

  Toute substance quelconque est sans doute susceptible d'une activité chimique plus ou moins variée et plus ou moins énergique; c'est pourquoi les phénomènes chimiques ont été justement classés par mi les phénomènes généraux, dont ils constituent, dans l'ordre de complication croissante, la dernière catégorie: ils se distinguent profondément ainsi des phénomènes physiologiques, qui, par leur nature, sont exclusivement propres à certaines substances, organisées sous certains modes. [/INST] 5. Les"
403,5,5,"[INST] <<SYS>>

<</SYS>>

  L'indivi du ne doitil pas, à cet égard, suivre nécessairement la même marche générale qu'a suivie l'espèce dans son passage graduel à l'état positif? [/INST] 5. -"
404,5,5,"[INST] <<SYS>>

<</SYS>>

  Dès les premiers temps de cette science difficile, les immortelles séries de travaux de Priestley, et surtout du grand Lavoisier, ont offert, à cet égard, d'admirables modèles, presque comparables à ce que la physique nous présen te de plus parfait, et qui suffiraient seuls pour constater que la nature des phénomènes chimiques n'oppose point d'insurmontables obstacles à un emploi lumineux et étendu de la méthode expérimentale. [/INST] 5. La"
405,5,5,"[INST] <<SYS>>

<</SYS>>

  Quant à l'expérience proprement dite, il serait, sans doute, superflu d'insister pour apprécier l'importance de la fonction prépondérante qu'elle remplit en chimie; puisque la plupart des phénomènes chimiques actuels, et surtout les plu s instructifs, sont, évidemment, de création artificielle. [/INST] 5. La"
406,5,5,"[INST] <<SYS>>

<</SYS>>

  On ne peut l'apprécier sainement qu'en la comparant aux conceptions antérieures. [/INST] 5. La"
407,5,5,"[INST] <<SYS>>

<</SYS>>

  Enfin, relativement au troisième mode fondamental de l 'exploration rationnelle, la comparaison proprement dite, le moins général de tous, il importe de considérer ici que si, par sa nature, ce procédé est essentiellement destiné aux études physiologiques, son usage pourrait cependant commencer à acquérir, dan s les recherches chimiques, une véritable efficacité. [/INST] 5. -"
408,5,5,"[INST] <<SYS>>

<</SYS>>

  Mais, en outre, je crois convenable d'indiquer ici une autre voie, encore plus spéciale, et non moins efficace peutêtre, par laquelle la chimie est destinée à contribuer à l'affranchissement irrévocable du génie humain de tout e tutelle théologique ou métaphysique, en rectifiant, d'une manière irrécusable, sous plusieurs rapports fondamentaux, le système des notions primitives sur l'économie générale de la nature terrestre. [/INST] 5. La"
409,5,5,"[INST] <<SYS>>

<</SYS>>

  Mais comme, en réalité, celleci est souvent beaucoup plus facile et plus sûre que l'autre, dont elle peut être rendue indépendante, on conçoit sans peine que cet ordre naturel doive se trouver fréquemment interverti. [/INST] 5. De"
410,5,5,"[INST] <<SYS>>

<</SYS>>

  Par la seconde considération surtout, que j'ai tant recommandée comme offrant le critérium à la fois le plus rationnel, l e moins équivoque, et le plus exact du degré de perfection propre à chaque classe de connaissances spéculatives, il est clair que, dans la plupart de ses recherches, la chimie actuelle mérite à peine le nom d'une véritable science, puisqu'elle ne conduit p resque jamais à une prévoyance réelle et certaine. [/INST] 5. La"
411,5,5,"[INST] <<SYS>>

<</SYS>>

  Cette grande multiplicité des élémens actuels a dû naturellement conduire à s'occuper davantage de leur classification. [/INST] 5. La"
412,5,5,"[INST] <<SYS>>

<</SYS>>

  En examinant plus profondément cette définition rationnelle de la science chimique, on la jugera susceptible d'une importante transformation, puisque, par l'application redoublée d'une telle méthode convenablement dirigée, toutes les données fondamentales de la chimie devraient, en dernier lieu, pouvoir se réduire à la connaissance des propriétés essentielles des seuls corps simples, qui conduirait à celle des divers principes immédiats, et par suite, aux combinaisons les plus complexes et les plus éloignées. [/INST] 5. La"
413,5,5,"[INST] <<SYS>>

<</SYS>>

  Une science aussi compliquée que la chimie ne saurait donc, très probablement, acquérir jamais une assez grande perfection pour donner lieu réellement, d'une manière un peu suivie, à ces problèmes inverses; c'est pourquoi j'ai dû m'abstenir d'en faire une men tion formelle. [/INST] 5. Cons"
414,5,5,"[INST] <<SYS>>

<</SYS>>

  Ce cas me paraît être l'un des plus propres à constater qu'une telle classification fondamentale ne repose point sur de vaines et arbitraires considérations, mais qu'elle est le fidèle résumé d es harmonies nécessaires, naturellement manifestées, entre les différentes sciences, par leur développement commun. [/INST] 5. La"
415,5,5,"[INST] <<SYS>>

<</SYS>>

  Quand cette disposition n'existe pas spontanément, il faut d'abord la remplir artificiellement en liq uéfiant la substance, soit par la fusion ignée, soit à l'aide d'un dissolvant quelconque. [/INST] 5. La"
416,5,5,"[INST] <<SYS>>

<</SYS>>

  Quant à la physique, qui constitue, pour ainsi dire, un ensemble de diverses sciences presque isolées, bien plus qu'une science vraiment unique , la division ne saurait évidemment être plus spontanément indiquée: il ne peut y avoir quelque hésitation réelle, et toutefois peu importante, que sur la classification. [/INST] 5. La"
417,5,5,"[INST] <<SYS>>

<</SYS>>

  Les cinquante corps que M. Ampère voulait classer présentent un plus grand nombre de divisions principales que n'en o ffre quelquefois la hiérarchie animale tout entière. [/INST] 5. Les"
418,5,5,"[INST] <<SYS>>

<</SYS>>

  C'est bien plus l'art d'observer proprement dit, que celui d'expérimenter, dont la chimie peut offrir à tous les philosophes des leçons éminemment précieuses. [/INST] 5. De"
419,5,5,"[INST] <<SYS>>

<</SYS>>

  D'un autre côté, la prépondérance chimique des caractères électriques ne paraît pas être encore, à beaucoup près, assez rationnellement établie, pour qu'on doive imposer, en principe, la nécessité de chercher, dans un tel ordre de phé nomènes, les bases de toute classification naturelle. [/INST] 5. -"
420,5,5,"[INST] <<SYS>>

<</SYS>>

  C'est ici que le premier et le plus général des trois modes essent iels d'investigation que nous avons alors distingués dans la philosophie naturelle, l'observation proprement dite, commence à recevoir son développement intégral. [/INST] 5. -"
421,5,5,"[INST] <<SYS>>

<</SYS>>

  Telle est la con viction que je désire provoquer en esquissant rapidement, dans la première partie de ce volume, l'examen sommaire de la philosophie chimique, envisagée sous tous ses divers aspects essentiels. [/INST] 5. La"
422,4,5,"[INST] <<SYS>>

<</SYS>>

  Toutefois, à raison même de cette intime connexité d'une semblable recherche avec l'ensemble des ét udes chimiques, je ne pense pas qu'elle puisse être très efficacement poursuivie tant qu'on l'isolera, comme on l'a fait jusqu'ici, de la question générale relative à l'établissement d'un système complet de classification chimique, pour tous les corps, sim ples ou composés. [/INST] 4. -"
423,5,5,"[INST] <<SYS>>

<</SYS>>

  L'analyse chimique me paraît avoir rempli, sous ce rapport, s a fonction la plus essentielle; désormais, c'est par la voie, plus difficile, mais plus lumineuse, de la synthèse que la chimie doit surtout compléter, comme l'indiquent déjà quelques heureux essais , ce vaste et bel ensemble de démonstrations par lequel e lle a si puissamment concouru à la grande révolution philosophique de l'humanité. [/INST] 5. La"
424,5,5,"[INST] <<SYS>>

<</SYS>>

  Le dernier aspect fondamental sous lequel la philosophie naturelle doive étudier l'existence d'un corps quelconque, se rapporte aux modifications, plus ou moins profondes et plus ou moins variées, que toutes les substances peuvent éprouver dans leur composition, en vertu de leurs diverses réactions moléculaires. [/INST] 5. -"
425,5,5,"[INST] <<SYS>>

<</SYS>>

  Il faut, d'abord, en effet, une connaissance approfondie de la théorie fondamentale des classifications naturelles, qui ne peut être réellement obtenue d'aucune autre manière: car, ainsi que je l'a i établi dès le début de cet ouvrage, la méthode ne saurait être, sous aucun rapport essentiel, étudiée avec une véritable et féconde efficacité, ailleurs que dans ses applications les plus étendues et les plus parfaites. [/INST] 5. La"
426,5,5,"[INST] <<SYS>>

<</SYS>>

  Quoique celleci soit toujours le complément nécessaire de toute étude chimique, l'usage de la première est, cependant, dans un très grand nombre de cas, et surtout relativement aux applications, plus important et plus étendu. [/INST] 5. La"
427,5,5,"[INST] <<SYS>>

<</SYS>>

  Du reste, il ne faut jamais perdre de vue, en de telles comparaisons, que, si le degré de perfection des diverses sciences fondamentales est toujours nécessairement inégal par la complication graduelle de leurs phénomè nes, son importance à notre égard diminue suivant la même règle par une autre conséquence du même principe, en sorte qu'il peut toujours exister une suffisante harmonie générale entre les besoins raisonnables et les moyens effectifs. [/INST] 5. La"
428,5,5,"[INST] <<SYS>>

<</SYS>>

  Cela est t ellement évident, que, dans l'innombrable multitude des phénomènes chimiques considérés aujourd'hui, la plupart doivent certainement leur existence à l'intervention humaine, qui a pu seule constituer l'ensemble si complexe des circonstances indispensables à leur production. [/INST] 5. La"
429,5,5,"[INST] <<SYS>>

<</SYS>>

  Mais il ne faut point oublier que la chimie est encore, pour ainsi dire, une science naissante; et en conséquence, on ne doit pas trouver étrange que l'ensemble des procédés généraux qui lui sont propres ait été jusqu'à présent incomplétement caractérisé par son développement spontané. [/INST] 5. La"
430,5,5,"[INST] <<SYS>>

<</SYS>>

  Quant à la méthode, elle a besoin d'un double perfectionnement capital, que les chimistes philosophes doivent emprunter à la science des corps viva ns, seule source où il puisse être judicieusement cherché. [/INST] 5. De"
431,5,5,"[INST] <<SYS>>

<</SYS>>

  Or, la chimie actuelle offre un grand nombre de ces rapprochemens, contradictoires en apparence, indépendamment de la longue série de considérati ons aussi décisives qui ont fait rejeter les affinités absolues, les seules pourtant qui devaient sembler présenter quelque consistance scientifique. [/INST] 5. La"
432,5,5,"[INST] <<SYS>>

<</SYS>>

  En nous bornant ici aux événemens chimiques, on voit que le pouvoir de l'homme à leur égard est, par leur nature, beaucoup plus prononcé encore qu'envers les effets physiques. [/INST] 5. La"
433,5,5,"[INST] <<SYS>>

<</SYS>>

  Quant à l'étude même des élémens, elle ne saurait, évidemment, par sa nature, être ramenée à aucune autre; elle doit nécessairement constituer une élaboration expérimentale et directe, divisée en autant de parties, entièrement distinctes et radicalement i ndépendantes les unes des autres, qu'il existe, à chaque époque, de substances indécomposées. [/INST] 5. La"
434,5,5,"[INST] <<SYS>>

<</SYS>>

  Mais il existe, dans le système de la méthode positive, une partie fort importante, quo ique jusque ici trop peu appréciée, et que la chimie était, ce me semble, spécialement destinée à porter au plus haut degré de perfection. [/INST] 5. La"
435,5,5,"[INST] <<SYS>>

<</SYS>>

  Car, en instituant l'opération avec exactitude et la poursuivant avec soin, on déduira toujours, sans incertitude, de la composition des réactifs employés, comparée à celle des produits obtenus, la composition inconnue de la substance proposée, dont les divers élémens auront ainsi été séparés d'une manière quelconque. [/INST] 5. Il"
436,5,5,"[INST] <<SYS>>

<</SYS>>

  Afin de caractériser plus profondément les cas où une telle harmonie est néanmoins indispensable à l'établissement d'une conviction vraiment inébranlable, il faut distinguer, en général, avec plus de soin qu'on ne l'a fait, deux genres très différens d'ana lyse chimique: une analyse préliminaire, consistant dans la simple séparation des principes immédiats, et une analyse finale, conduisant à la détermination des élémens proprement dits . [/INST] 5. De"
437,5,5,"[INST] <<SYS>>

<</SYS>>

  La double faculté de géné raliser et de systématiser, élément si précieux du véritable esprit philosophique, appartient, sans doute, d'une manière plus spéciale, au génie allemand, dont nous sommes trop disposés, en France, a méconnaître, à cet égard, l'éminente valeur, sensible né anmoins jusque dans ses écarts. [/INST] 5. La"
438,5,5,"[INST] <<SYS>>

<</SYS>>

  En ce nouveau sens, il est aisé de reconnaître, au contraire, qu'une suffisante habitude préalable, chez les chimistes, de l'esprit mathématique et de la philosophie astronomique exercerait inévitablement la plus grande et la plus salutaire influence sur la manière de concevoir et de cultiver la chimie, et, par suite, accélérerait beaucoup ses perfectionneme ns ultérieurs. [/INST] 5. La"
439,5,5,"[INST] <<SYS>>

<</SYS>>

  Avec de simples modifications, les propriétés physiques appartiennent, nonseulement à toutes les substances, mais aussi à tous les états d'agrégation, et même de combinaison, de chacune d'elles: chaque corps ne manifeste, au contr aire, ses propriétés chimiques que dans un état plus ou moins déterminé, et souvent tellement restreint qu'il a fallu de longues séries d'essais laborieux pour parvenir à le réaliser. [/INST] 5. Les"
440,5,5,"[INST] <<SYS>>

<</SYS>>

  La belle conception de M. Berzélius sur la hiérarchie fondamentale des corps simples, résulte de la considération approfondie des phénomènes électrochimiques. [/INST] 5. La"
441,5,5,"[INST] <<SYS>>

<</SYS>>

  Quelque supérieure qu'elle paraisse aujourd'hui à l'état réel d e la science, ce qui prouve seulement qu'il est encore très imparfait, on n'en doit pas moins reconnaître que tel est le but effectif vers lequel tendent finalement tous les efforts des chimistes, puisque, de leur aveu unanime, les questions simples et peu nombreuses à l'égard desquelles ce résultat a pu être atteint jusqu'ici, d'une manière plus ou moins complète, sont regardées comme les parties les plus avancées de la chimie, d'où résulte la vérification formelle d'une semblable destination générale. [/INST] 5. La"
442,5,5,"[INST] <<SYS>>

<</SYS>>

  La loi fondamentale que j'ai établie, dès le commencement du volume précédent, sur l'harmonie nécessaire entre l'accroissement de complication des divers ordres de phénomènes et l'extension correspondante de nos moyen s généraux d'exploration, se vérifie éminemment pour la science chimique, comparée à celles qui la précèdent, et spécialement à la physique, comme il est aisé de le constater sommairement. [/INST] 5. La"
443,5,5,"[INST] <<SYS>>

<</SYS>>

  L'ensemble de ces trois sciences p eut être conçu comme ayant pour objet d'étudier l'activité moléculaire de la matière, dans tous les divers modes dont elle est susceptible. [/INST] 5. La"
444,5,5,"[INST] <<SYS>>

<</SYS>>

  Mais ce qu'un esprit philosophique doit sur tout remarquer à ce sujet, c'est qu'une telle correspondance n'a rien d'accidentel, ni même d'empirique. [/INST] 5. De"
445,5,5,"[INST] <<SYS>>

<</SYS>>

  Son principe, éminemment simple et lucide, consiste à disposer les élémens dans un ordre tel que chacun soit électronégatif relativement à tous ceux qui le précèdent et électropositif envers tous ceux qui le suivent. [/INST] 5/ Pour"
446,5,5,"[INST] <<SYS>>

<</SYS>>

  Quant à des liaisons directes, il faut convenir que, sous le rapport de la doctrine, elles sont peu étendues et d'une médiocre importance. [/INST] 5. Les"
447,5,5,"[INST] <<SYS>>

<</SYS>>

  Chacun peut, en effet, constater aisément, par un examen direct, que, conformément à ce principe, et sous le double aspect de la méthode ou de la doctrine, le degré de perfection de la chimie est inférieur à celui de la physique et supérieur à celui de la physiologie. [/INST] 5. La"
448,5,5,"[INST] <<SYS>>

<</SYS>>

  Note : (retour) En An gleterre surtout, la même expression s'applique encore vulgairement à ces deux ordres d'idées; et c'est essentiellement pour éviter une telle confusion que les Boyle, les Newton, etc., ont d'abord introduit l'usage du nom de philosophie naturelle, dont la signification s'est ensuite tant élargie. [/INST] 5. -"
449,5,5,"[INST] <<SYS>>

<</SYS>>

  Les combinaisons et les décompositions qu'on y observe présentent, sans doute, en vertu de l'organisation, des caractères qui leur sont exclusivement propres: mais, malgré ces importantes mod ifications, elles n'en doivent pas moins être nécessairement subordonnées aux lois générales des effets chimiques. [/INST] 5. La"
450,5,5,"[INST] <<SYS>>

<</SYS>>

  Rien n'est plus propre que de telles remarques à constater clairement combien les effets c himiques sont, par leur nature, éminemment moléculaires, surtout par opposition aux effets physiques. [/INST] 5. Les"
451,5,5,"[INST] <<SYS>>

<</SYS>>

  Mais cette vaine hypothèse ne peut être appuyée que sur le prétendu principe de l'économie et de la simplicité n écessaire de la nature, qui, outre son caractère extrêmement vague, ne saurait résister à aucune véritable discussion directe, et dont l'origine, évidemment théologique, devrait même suffire aujourd'hui pour le rendre suspect à tous les bons esprits. [/INST] 5. De"
452,5,5,"[INST] <<SYS>>

<</SYS>>

  An lieu de rétrograder seulement jusqu'au temps d'Aristote, que ne remontaitil encore un peu plus loin, jusqu'à Empédocle ou à Héraclite, etc., afin d'obtenir tout d'un coup la plus haute si mplification possible en recommençant à n'admettre qu'un seul principe? [/INST] 5. La"
453,5,5,"[INST] <<SYS>>

<</SYS>>

  Note : (retour) Le problème chimique est, sans doute, comme tout autre, logiquement susceptible de renversement; c'estàdire qu'on peut demander, réciproquement, de remonter des propriétés des composés à celles de leurs élémens: ce genre de recherches se présente même naturellement en plus d'une occasion importante, surtout quand on veut appliquer la chimie à l'étude des phénomènes vitaux. [/INST] 5. -"
454,5,5,"[INST] <<SYS>>

<</SYS>>

  Dans la conception générale de ce projet de classification, la considération exclusive des seuls corps simples exerce une beaucoup trop grande prépondérance. [/INST] 5. La"
455,5,5,"[INST] <<SYS>>

<</SYS>>

  Dans cette supposition, la difficulté ne serait évidemment que reculée: il demeurerait encore incontestable que chaque substance, simple ou composée, manifeste une nature de polarité électrique qu i lui est propre. [/INST] 5. La"
456,5,5,"[INST] <<SYS>>

<</SYS>>

  Outre que, par la simplicité relative de ses phénomènes, les faits y sont beauc oup mieux discutés et les investigations plus décisives, il y existe, quoiqu'en très petit nombre, quelques véritables théories, exactement circonscrites, et susceptibles de fournir, en certains cas, des prévisions réelles et complètes, qui sont jusque ici presque toujours impossibles, si ce n'est d'une manière générale, dans l'étude des corps vivans. [/INST] 5. La"
457,5,5,"[INST] <<SYS>>

<</SYS>>

  En séparant, autant que possible, les phénomènes de la vie proprement dite, de ceux de l'animalité, il est clair que les premiers, dans le double mouvement intestin qui les constitue, sont, par leur nature, essentiellement chimiques. [/INST] 5. La"
458,5,5,"[INST] <<SYS>>

<</SYS>>

  On conçoit ainsi, d'une manière irrécusable, la gradation fondamentale de ces trois modes essentiels d'activité moléculaire, qu'aucune saine philosophie ne saurait jamais confondre . [/INST] 5. La"
459,5,5,"[INST] <<SYS>>

<</SYS>>

  Ici, au contraire, on ne doit pas craindre de garantir que si, par une aberration heureusement presque impossib le, l'emploi de l'analyse mathématique acquérait jamais, en chimie, une semblable prépondérance, il déterminerait inévitablement, et sans aucune compensation, dans l'économie entière de cette science, une immense et rapide rétrogradation, en substituant l' empire des conceptions vagues à celui des notions positives, et un facile verbiage algébrique à une laborieuse exploration des faits. [/INST] 5. De"
460,5,5,"[INST] <<SYS>>

<</SYS>>

  Note : (retour) Ces deux expressions, préliminaire et finale, sont ici seulement destinées à caractériser, aussi nettement que possible, le but propre à chacune des deux analyses, sans aucune allusion à l'ordre qui s'établit entre elles. [/INST] 5. -"
461,3,5,"[INST] <<SYS>>

<</SYS>>

  Sans que ce soit ici le lieu de traiter, d'une manière convenable, cette nouvelle et importante question spéciale de haute philosophie chimique, que je dois, dans cette leçon, me contenter d'avoir nettement pos ée, peutêtre seratil utile d'indiquer, dès ce moment, que je la regarde comme résolue, et que, à mes yeux, la considération du degré de composition est évidemment supérieure à celle de la multiplicité des principes, en ce qu'elle affecte plus profondément le but et l'esprit de la science chimique, tels que je les ai soigneusement caractérisés dans ce discours. [/INST] 3. De"
462,5,5,"[INST] <<SYS>>

<</SYS>>

  J'ai déjà, ce me semble, presque surabondamment prouvé, dans tout le cours de cet ouvrage, que notre prévision devient plus bornée, moins précise, et même plus incertaine, à mesure que les phénomènes se compliquent davantage. [/INST] 5. De"
463,5,5,"[INST] <<SYS>>

<</SYS>>

  Jusque là, en effet, l'observation est toujours plus ou moins partielle. [/INST] 5. La"
464,5,5,"[INST] <<SYS>>

<</SYS>>

  Il existe même entre ces deux ordres d'idées une telle liaison réciproque, que la construction d'un système naturel de classific ation chimique, si justement désiré aujourd'hui, est impossible sans une large application de l'art comparatif proprement dit, entendu à la manière des physiologistes; et, pareillement, en sens inverse, la chimie comparée ne saurait être régulièrement cult ivée, tant que l'esprit ne pourra point s'y diriger d'après une ébauche de classification naturelle. [/INST] 5. La"
465,5,5,"[INST] <<SYS>>

<</SYS>>

  Note : (retour) Il doit être bien entendu, sans doute, que, dans la comparaison des actes chimiques avec les actes vitaux, on envisage seulement les phénomènes physiologiques les plus généraux, ceu x relatifs au plus simple degré de la vie proprement dite, et abstraction faite de tout ce qui constitue spécialement l'animalité: hors de ces limites naturelles, le parallèle deviendrait radicalement impossible, par le défaut complet d'analogie. [/INST] 5. -"
466,5,5,"[INST] <<SYS>>

<</SYS>>

  Cette double relation incontestable, inaperçue jusque ici, tend évidemment, au contraire, à faire concevoir comme éminemment naturelle une très inégale distribution des divers es substances élémentaires entre l'intérieur de la terre et sa surface; les unes ayant dû prédominer intérieurement afin de rendre la moyenne densité du globe aussi supérieure qu'elle l'est certainement à celle des couches superficielles; et l'indispensabl e prépondérance des autres n'étant pas moins évidente pour l'extrême superficie, solide, liquide et gazeuse, où la vie devait exclusivement se développer. [/INST] 5. De"
467,5,5,"[INST] <<SYS>>

<</SYS>>

  En effet, tant qu'on ne pouvait avoir aucun égard ni aux matériaux ni aux produits gazeux, un grand nombre de phénomènes remarquables devaient inévitablement inspirer l'idée d'anéantissement ou de production réelle de matière dans le système général de la nature. [/INST] 5. La"
468,5,5,"[INST] <<SYS>>

<</SYS>>

  Un tel système général de classification naturelle, devant, par luimême, constituer directement, sous un double aspect, le résumé essentiel et l'aperçu fondamental de toute la phil osophie chimique, je crois convenable de développer davantage en ce moment ma pensée principale à ce sujet. [/INST] 5. -"
469,5,5,"[INST] <<SYS>>

<</SYS>>

  Quoiqu'un tel but soit bien rarement atteint dans l'état présent de la science, sa considération familière n'en serait pas moins, ce me semble, très utile, dès aujourd'hui, pour donner aux recherches habituelles une direction plus progressiv e et une marche plus philosophique. [/INST] 5. La"
470,5,5,"[INST] <<SYS>>

<</SYS>>

  Telle est, aujourd'hui, en Allemagne, l'opinion de presque toute l'école des naturistes, et surtout de son illustre chef, M. Oken. [/INST] 5. -"
471,5,5,"[INST] <<SYS>>

<</SYS>>

  Or, le même principe est applicable ici, et à bien plus forte raison, car les effets chimiques exigent un concours de conditions vari ées beaucoup plus étendu. [/INST] 5. -"
472,5,5,"[INST] <<SYS>>

<</SYS>>

  On ne saurait même comprendre (comme je l'ai rappelé, d'après l'illustre Berthollet, dans les prolégomènes de cet ouvrage) comment l'énergique et persévérante activité des anciens scrutateurs de la nature eût pu conduire à la découverte des principaux phénomènes chimiques, sans la stimulation toutepuissante qu'entretenaient habituellement en eux les espérances illimitées dues à leurs notions chimériques sur la composition de la matière. [/INST] 5. La"
473,5,5,"[INST] <<SYS>>

<</SYS>>

  C'est lorsque l'une et l'autre substances sont liquides, que l'action chimique se manifeste avec le plus d'énergie, si la légère différence des densités permet aisément un mélange intime. [/INST] 5. De"
474,5,5,"[INST] <<SYS>>

<</SYS>>

  Mais, quels que puissent être , à cet égard, les résultats définitifs des travaux ultérieurs, M. Berzélius s'est assuré, dès à présent, l'honneur éternel d'avoir, le premier, dévoilé la vraie nature du problème, et mis en pleine évidence l'ensemble de ses conditions principales, si ce n'est même d'avoir indiqué dans quel ordre d'idées il faut chercher sa solution. [/INST] 5. -"
475,5,5,"[INST] <<SYS>>

<</SYS>>

  Ainsi, sous cet important point de vue, la chimie doit être envisagée comme éminemment propre à développer, de la manière la plus spéciale, l'un de ces moyens fondamentaux, en si petit nombre, dont l'ensemble cons titue le pouvoir général de l'esprit humain. [/INST] 5. La"
476,5,5,"[INST] <<SYS>>

<</SYS>>

  En traitant ainsi de la position encyclopédique de la chimie, j'ai fait suffisamment ressortir l'importance capitale d'une telle science dans le système général de la philosophi e naturelle, et son indispensable nécessité pour l'étude rationnelle des sciences plus compliquées. [/INST] 5. De"
477,5,5,"[INST] <<SYS>>

<</SYS>>

  Cette classification repose sur des caractères mal définis, d'une généralité insuffisante, et dont on exagère arbitrairement l'i mportance réelle. [/INST] 5. La"
478,5,5,"[INST] <<SYS>>

<</SYS>>

  Elle en dépend, d'abord, é videmment, d'une manière nécessaire, quoique indirecte, par sa relation immédiate et manifeste avec la physiologie. [/INST] 5. De"
479,5,5,"[INST] <<SYS>>

<</SYS>>

  Car si les combinaisons inorganiques sont presque toujours binaires, on en connaît néanmoins de ternaires, et même de quaternaires; tandis que, en sens inverse, il es t encore plus fréquent de rencontrer, dans les combinaisons dites organiques, un véritable dualisme, que le progrès naturel de la chimie me semble d'ailleurs devoir tendre de plus en plus à généraliser autant que possible. [/INST] 5. De"
